name,avg_return,avg_volatility,len,interval,period
20MICRONS,0.2529,2.6938,245,1d,1y
21STCENMGM,0.3624,1.6116,246,1d,1y
360ONE,0.2281,1.9841,246,1d,1y
3IINFOLTD,0.0945,3.2913,246,1d,1y
3MINDIA,0.106,1.9009,245,1d,1y
3PLAND,0.1181,2.8608,245,1d,1y
5PAISA,0.2583,2.7525,246,1d,1y
63MOONS,0.343,3.6457,246,1d,1y
A2ZINFRA,0.2528,2.8047,245,1d,1y
AAATECH,0.2317,3.3121,245,1d,1y
AAKASH,0.2177,3.262,246,1d,1y
AAREYDRUGS,0.2491,3.3109,245,1d,1y
AARON,0.112,2.6362,245,1d,1y
AARTECH,0.2283,3.3334,186,1d,1y
AARTIDRUGS,0.0785,2.3208,246,1d,1y
AARTIIND,0.1292,2.1083,246,1d,1y
AARTIPHARM,0.1401,2.6746,246,1d,1y
AARTISURF,0.0531,2.1297,246,1d,1y
AARVEEDEN,0.0734,3.6217,245,1d,1y
AARVI,0.0852,2.9332,245,1d,1y
AAVAS,-0.0544,1.8688,246,1d,1y
ABAN,0.2148,3.4294,246,1d,1y
ABB,0.301,1.9078,246,1d,1y
ABBOTINDIA,0.066,1.2795,246,1d,1y
ABCAPITAL,0.1022,2.0101,246,1d,1y
ABFRL,0.0128,2.089,246,1d,1y
ABMINTLLTD,0.0613,3.684,245,1d,1y
ABSLAMC,0.1579,1.3856,246,1d,1y
ACC,0.1363,1.7665,246,1d,1y
ACCELYA,0.1324,2.441,246,1d,1y
ACCURACY,-0.2577,3.1952,246,1d,1y
ACE,0.5351,3.2125,246,1d,1y
ACEINTEG,-0.0056,3.3143,245,1d,1y
ACI,0.0712,2.2416,246,1d,1y
ACL,-0.04,4.6121,246,1d,1y
ACLGATI,-0.0391,2.4493,246,1d,1y
ADANIENSOL,0.1682,3.4584,160,1d,1y
ADANIENT,0.2204,2.6031,246,1d,1y
ADANIGREEN,0.2833,2.9031,246,1d,1y
ADANIPORTS,0.2893,1.9958,246,1d,1y
ADANIPOWER,0.4679,2.7811,246,1d,1y
ADFFOODS,0.108,3.1997,245,1d,1y
ADL,0.1517,2.5173,245,1d,1y
ADORWELD,0.1515,2.4402,245,1d,1y
ADROITINFO,0.0202,3.184,245,1d,1y
ADSL,0.2159,3.5068,246,1d,1y
ADVANIHOTR,0.3129,2.8162,246,1d,1y
ADVENZYMES,0.1344,1.8787,245,1d,1y
AEGISCHEM,0.0882,2.651,246,1d,1y
AEROFLEX,-0.0868,2.5943,150,1d,1y
AETHER,-0.0376,1.801,246,1d,1y
AFFLE,0.053,1.724,246,1d,1y
AGARIND,0.1324,2.8013,246,1d,1y
AGI,0.3155,3.2648,246,1d,1y
AGRITECH,0.322,3.4695,245,1d,1y
AGROPHOS,0.0592,3.5332,246,1d,1y
AGSTRA,0.1714,2.9174,246,1d,1y
AHL,0.2655,2.8577,245,1d,1y
AHLADA,0.0483,3.093,246,1d,1y
AHLEAST,0.0864,2.6847,245,1d,1y
AHLUCONT,0.298,2.5936,245,1d,1y
AIAENG,0.1259,1.7726,246,1d,1y
AIRAN,0.2245,2.9914,245,1d,1y
AIROLAM,0.3475,3.3406,245,1d,1y
AJANTPHARM,0.214,1.7503,245,1d,1y
AJMERA,0.4063,3.2765,246,1d,1y
AJOONI,0.0713,3.0878,245,1d,1y
AKASH,0.1459,3.371,245,1d,1y
AKG,-0.1888,2.8523,246,1d,1y
AKI,-0.0259,2.9729,245,1d,1y
AKSHAR,-0.2718,3.2889,246,1d,1y
AKSHARCHEM,0.0713,3.0749,245,1d,1y
AKSHOPTFBR,-0.0022,3.3085,245,1d,1y
AKZOINDIA,0.0261,1.4327,246,1d,1y
ALANKIT,0.29,3.1837,246,1d,1y
ALBERTDAVD,0.2935,2.5158,246,1d,1y
ALEMBICLTD,0.1756,2.3489,246,1d,1y
ALICON,0.0522,2.0741,245,1d,1y
ALKALI,0.0201,2.8237,246,1d,1y
ALKEM,0.1424,1.5687,245,1d,1y
ALKYLAMINE,-0.053,1.9744,246,1d,1y
ALLCARGO,-0.0703,2.9723,246,1d,1y
ALLSEC,0.1608,2.2944,245,1d,1y
ALMONDZ,0.2209,3.0579,245,1d,1y
ALOKINDS,0.3096,3.7074,246,1d,1y
ALPA,0.1831,2.6479,245,1d,1y
ALPHAGEO,0.1868,2.9394,246,1d,1y
ALPSINDUS,0.3008,3.2998,245,1d,1y
AMBER,0.2789,2.7037,246,1d,1y
AMBICAAGAR,0.1182,3.0453,246,1d,1y
AMBIKCO,0.0077,1.8664,245,1d,1y
AMBUJACEM,0.179,1.7859,246,1d,1y
AMDIND,0.0801,3.0052,245,1d,1y
AMIORG,0.0883,2.1031,246,1d,1y
AMJLAND,0.2037,3.2308,245,1d,1y
AMNPLST,0.1228,3.3666,101,1d,1y
AMRUTANJAN,0.03,1.6557,246,1d,1y
ANANDRATHI,0.6348,2.1981,245,1d,1y
ANANTRAJ,0.3554,2.2015,246,1d,1y
ANDHRAPAP,0.0392,2.1193,246,1d,1y
ANDHRSUGAR,-0.0308,1.777,246,1d,1y
ANGELONE,0.3364,3.0464,246,1d,1y
ANIKINDS,0.218,2.9126,245,1d,1y
ANKITMETAL,-0.0617,2.585,245,1d,1y
ANMOL,0.0592,2.9645,246,1d,1y
ANTGRAPHIC,0.2558,4.8272,245,1d,1y
ANUP,0.477,2.8463,246,1d,1y
ANURAS,-0.0542,1.8362,246,1d,1y
APARINDS,0.3757,2.6606,246,1d,1y
APCL,0.0246,2.6455,246,1d,1y
APCOTEXIND,-0.0482,2.0598,246,1d,1y
APEX,0.0179,2.3784,246,1d,1y
APLAPOLLO,0.1071,1.988,246,1d,1y
APLLTD,0.2558,1.9879,246,1d,1y
APOLLO,0.5069,3.7845,246,1d,1y
APOLLOHOSP,0.1535,1.4169,246,1d,1y
APOLLOPIPE,0.0484,1.9048,246,1d,1y
APOLLOTYRE,0.1622,1.7192,246,1d,1y
APOLSINHOT,0.2063,3.4273,245,1d,1y
APTECHT,-0.0884,2.8896,246,1d,1y
APTUS,0.1049,2.0603,246,1d,1y
ARCHIDPLY,0.2674,3.2624,245,1d,1y
ARCHIES,0.1992,2.9416,245,1d,1y
ARE&M,0.2841,2.1267,117,1d,1y
ARENTERP,0.0807,3.526,245,1d,1y
ARIES,0.1787,2.9814,246,1d,1y
ARIHANTCAP,0.1445,3.1499,246,1d,1y
ARIHANTSUP,0.211,3.119,246,1d,1y
ARMANFIN,0.1253,2.7032,245,1d,1y
AROGRANITE,0.1279,3.0347,246,1d,1y
ARROWGREEN,0.1634,3.5492,245,1d,1y
ARSHIYA,0.0719,2.966,245,1d,1y
ARSSINFRA,-0.0253,2.7112,245,1d,1y
ARTEMISMED,0.3979,3.0012,230,1d,1y
ARTNIRMAN,0.0598,3.3864,245,1d,1y
ARVEE,0.346,4.2233,246,1d,1y
ARVIND,0.4683,2.7603,246,1d,1y
ARVINDFASN,0.1927,2.2187,246,1d,1y
ARVSMART,0.3227,2.8166,246,1d,1y
ASAHIINDIA,0.0873,1.9989,246,1d,1y
ASAHISONG,0.167,2.538,246,1d,1y
ASAL,0.3597,3.3697,245,1d,1y
ASALCBR,0.1568,2.2143,246,1d,1y
ASHAPURMIN,0.387,3.4315,246,1d,1y
ASHIANA,0.2648,2.5316,246,1d,1y
ASHIMASYN,0.1331,3.496,246,1d,1y
ASHOKA,0.2883,2.9339,246,1d,1y
ASHOKAMET,0.0896,4.0264,194,1d,1y
ASHOKLEY,0.1047,1.3337,246,1d,1y
ASIANENE,0.4298,2.7424,245,1d,1y
ASIANHOTNR,-0.0375,2.7344,245,1d,1y
ASIANPAINT,0.0064,1.0479,246,1d,1y
ASIANTILES,0.1648,2.9511,246,1d,1y
ASKAUTOLTD,0.0092,2.2835,99,1d,1y
ASMS,0.5697,1.989,246,1d,1y
ASPINWALL,0.104,3.519,246,1d,1y
ASTEC,-0.0219,2.1535,245,1d,1y
ASTERDM,0.2747,2.5529,246,1d,1y
ASTRAL,0.1241,1.5649,246,1d,1y
ASTRAMICRO,0.3819,2.5463,246,1d,1y
ASTRAZEN,0.2052,2.2215,245,1d,1y
ASTRON,-0.0072,2.8273,245,1d,1y
ATALREAL,-0.0654,3.3825,245,1d,1y
ATAM,0.0056,3.1596,229,1d,1y
ATFL,-0.0642,2.5326,246,1d,1y
ATGL,0.0149,3.3012,246,1d,1y
ATL,0.1732,4.13,163,1d,1y
ATLANTAA,0.2779,3.231,246,1d,1y
ATUL,-0.0564,1.5307,245,1d,1y
ATULAUTO,0.075,3.038,246,1d,1y
AUBANK,-0.0252,1.6906,245,1d,1y
AURIONPRO,0.7971,3.018,245,1d,1y
AUROPHARMA,0.2669,1.8712,246,1d,1y
AURUM,0.123,2.8715,245,1d,1y
AUSOMENT,0.1934,3.8403,245,1d,1y
AUTOAXLES,-0.1158,1.6605,245,1d,1y
AUTOIND,0.2276,3.5427,246,1d,1y
AVADHSUGAR,0.0984,2.5603,246,1d,1y
AVALON,0.1098,2.7198,244,1d,1y
AVANTIFEED,0.1497,2.0454,246,1d,1y
AVG,0.5376,3.437,245,1d,1y
AVONMORE,0.1673,3.0835,246,1d,1y
AVROIND,0.0506,3.4288,246,1d,1y
AVTNPL,0.0069,2.1814,246,1d,1y
AWHCL,0.268,3.1898,246,1d,1y
AWL,-0.0709,2.2526,246,1d,1y
AXISBANK,0.0884,1.2361,246,1d,1y
AXISCADES,0.277,3.0648,246,1d,1y
AXITA,-0.3185,3.7889,246,1d,1y
AYMSYNTEX,0.1163,2.7605,245,1d,1y
AZAD,0.9055,3.9706,71,1d,1y
BAFNAPH,-0.0086,2.3815,245,1d,1y
BAGFILMS,0.3111,3.957,245,1d,1y
BAIDFIN,-0.1975,3.5332,245,1d,1y
BAJAJ-AUTO,0.3055,1.4284,246,1d,1y
BAJAJCON,0.1527,1.9374,246,1d,1y
BAJAJELEC,-0.0083,1.5013,246,1d,1y
BAJAJFINSV,0.0964,1.2395,246,1d,1y
BAJAJHCARE,-0.0045,2.8811,246,1d,1y
BAJAJHIND,0.3502,3.661,246,1d,1y
BAJAJHLDNG,0.1303,1.628,245,1d,1y
BAJEL,0.2018,4.9412,77,1d,1y
BAJFINANCE,0.0826,1.422,246,1d,1y
BALAJITELE,0.2852,3.6629,246,1d,1y
BALAMINES,-0.0386,2.2756,246,1d,1y
BALAXI,0.0196,2.8815,245,1d,1y
BALKRISHNA,-0.0547,4.3071,245,1d,1y
BALKRISIND,0.0592,1.7304,246,1d,1y
BALMLAWRIE,0.335,2.8878,246,1d,1y
BALPHARMA,0.1446,2.7609,245,1d,1y
BALRAMCHIN,-0.0273,1.7946,246,1d,1y
BANARBEADS,0.0736,2.0061,245,1d,1y
BANARISUG,-0.0517,1.5956,245,1d,1y
BANCOINDIA,0.4065,3.0539,246,1d,1y
BANDHANBNK,-0.0464,1.8675,246,1d,1y
BANG,0.1081,3.2277,245,1d,1y
BANKA,0.1796,3.0433,245,1d,1y
BANKBARODA,0.1824,1.7323,246,1d,1y
BANKINDIA,0.2541,2.3862,246,1d,1y
BANSWRAS,0.0534,2.6454,245,1d,1y
BARBEQUE,-0.0764,1.8611,246,1d,1y
BASF,0.1783,1.3684,246,1d,1y
BASML,-0.0058,2.6929,246,1d,1y
BATAINDIA,-0.0038,1.0842,246,1d,1y
BAYERCROP,0.1166,1.5035,246,1d,1y
BBL,0.3641,2.5571,246,1d,1y
BBOX,0.3321,3.198,245,1d,1y
BBTC,0.2435,2.9104,246,1d,1y
BBTCL,0.0674,2.556,246,1d,1y
BCG,0.0104,3.953,246,1d,1y
BCLIND,0.1362,3.142,246,1d,1y
BCONCEPTS,0.5018,2.759,246,1d,1y
BDL,0.2357,2.5694,246,1d,1y
BEARDSELL,0.2369,3.4113,245,1d,1y
BECTORFOOD,0.2732,2.6682,245,1d,1y
BEDMUTHA,0.5288,3.5021,245,1d,1y
BEL,0.3425,1.7741,246,1d,1y
BEML,0.4197,3.1451,246,1d,1y
BEPL,0.1616,2.5273,246,1d,1y
BERGEPAINT,0.0587,1.5211,246,1d,1y
BESTAGRO,-0.7932,7.5379,63,1d,1y
BFINVEST,0.0792,2.9221,246,1d,1y
BFUTILITIE,0.3648,3.3921,246,1d,1y
BGRENERGY,-0.094,4.1079,246,1d,1y
BHAGCHEM,0.1156,2.2248,245,1d,1y
BHAGERIA,0.0843,2.6551,245,1d,1y
BHAGYANGR,0.3835,3.9585,245,1d,1y
BHANDARI,0.245,3.2348,246,1d,1y
BHARATFORG,0.1734,1.7778,246,1d,1y
BHARATGEAR,-0.0066,1.9227,245,1d,1y
BHARATRAS,-0.008,1.3775,245,1d,1y
BHARATWIRE,0.2894,3.0547,246,1d,1y
BHARTIARTL,0.1913,1.1334,246,1d,1y
BHARTIHEXA,,,1,1d,1y
BHEL,0.5291,2.794,246,1d,1y
BIGBLOC,0.2106,3.3538,246,1d,1y
BIKAJI,0.1676,1.768,246,1d,1y
BIL,0.3595,3.7798,246,1d,1y
BINANIIND,-0.1325,2.6115,245,1d,1y
BIOCON,0.0821,1.9131,246,1d,1y
BIOFILCHEM,0.1715,3.0598,245,1d,1y
BIRLACABLE,0.2818,3.6881,246,1d,1y
BIRLACORPN,0.2021,2.0706,246,1d,1y
BIRLAMONEY,0.335,2.9959,246,1d,1y
BKMINDST,0.2018,3.7103,245,1d,1y
BLAL,-0.0279,3.1474,243,1d,1y
BLBLIMITED,-0.0423,2.9264,246,1d,1y
BLISSGVS,0.1662,3.1307,246,1d,1y
BLKASHYAP,0.2604,2.9221,246,1d,1y
BLS,0.272,2.8487,246,1d,1y
BLSE,-0.3063,4.1904,45,1d,1y
BLUECHIP,0.9505,3.0375,245,1d,1y
BLUEDART,-0.0059,1.3304,246,1d,1y
BLUEJET,-0.0497,2.4533,109,1d,1y
BLUESTARCO,0.2572,1.8648,246,1d,1y
BODALCHEM,0.0883,2.6937,246,1d,1y
BOHRAIND,-0.6191,3.0816,245,1d,1y
BOMDYEING,0.3084,3.3851,246,1d,1y
BOROLTD,-0.0068,2.1964,245,1d,1y
BORORENEW,0.0836,2.6589,246,1d,1y
BOSCHLTD,0.1864,1.2584,246,1d,1y
BPCL,0.2421,1.8378,246,1d,1y
BPL,0.1859,3.6533,246,1d,1y
BRIGADE,0.3007,1.9804,245,1d,1y
BRITANNIA,0.0444,1.0891,245,1d,1y
BRNL,0.3295,4.0575,246,1d,1y
BROOKS,0.1835,3.4702,245,1d,1y
BSE,0.7421,2.9896,246,1d,1y
BSHSL,-0.2134,2.6907,245,1d,1y
BSL,0.0271,2.51,246,1d,1y
BSOFT,0.4178,2.0008,246,1d,1y
BTML,-0.0612,2.8745,246,1d,1y
BURNPUR,0.13,3.0976,246,1d,1y
BUTTERFLY,-0.1437,1.8227,245,1d,1y
BVCL,0.2669,3.2489,246,1d,1y
BYKE,0.2353,2.9323,245,1d,1y
CALSOFT,0.0908,3.3626,245,1d,1y
CAMLINFINE,-0.1469,2.4474,246,1d,1y
CAMPUS,-0.1455,1.7689,246,1d,1y
CAMS,0.1537,1.9228,246,1d,1y
CANBK,0.299,1.8021,246,1d,1y
CANFINHOME,0.1334,2.0117,246,1d,1y
CANTABIL,0.0745,2.5019,245,1d,1y
CAPACITE,0.3338,3.0651,246,1d,1y
CAPITALSFB,-0.5061,2.6463,39,1d,1y
CAPLIPOINT,0.2945,2.3029,246,1d,1y
CAPTRUST,0.2125,3.5629,246,1d,1y
CARBORUNIV,0.0962,1.8448,246,1d,1y
CAREERP,0.1264,2.7478,245,1d,1y
CARERATING,0.229,2.0201,245,1d,1y
CARTRADE,0.2354,2.89,246,1d,1y
CARYSIL,0.1976,2.5684,246,1d,1y
CASTROLIND,0.2765,2.3796,246,1d,1y
CCHHL,0.2789,3.5523,245,1d,1y
CCL,0.0135,1.7669,246,1d,1y
CDSL,0.2847,2.1446,246,1d,1y
CEATLTD,0.2414,2.3646,246,1d,1y
CELEBRITY,0.1193,2.6766,245,1d,1y
CELLO,0.0496,1.9555,106,1d,1y
CENTENKA,0.0752,1.7945,245,1d,1y
CENTEXT,0.3405,3.549,245,1d,1y
CENTRALBK,0.3734,3.1035,246,1d,1y
CENTRUM,0.2582,3.6521,246,1d,1y
CENTUM,0.3525,3.4534,246,1d,1y
CENTURYPLY,0.1004,1.7575,246,1d,1y
CENTURYTEX,0.4045,2.552,246,1d,1y
CERA,0.0381,1.8093,246,1d,1y
CEREBRAINT,0.0104,2.6893,245,1d,1y
CESC,0.2964,2.2206,246,1d,1y
CGCL,-0.4182,9.335,246,1d,1y
CGPOWER,0.2065,2.1368,246,1d,1y
CHALET,0.3615,1.8704,246,1d,1y
CHAMBLFERT,0.1038,1.8333,246,1d,1y
CHEMBOND,0.2465,3.0216,245,1d,1y
CHEMCON,-0.0038,1.8561,246,1d,1y
CHEMFAB,0.3303,3.5744,246,1d,1y
CHEMPLASTS,0.0742,1.8552,246,1d,1y
CHENNPETRO,0.5124,3.4115,246,1d,1y
CHEVIOT,0.0783,2.001,245,1d,1y
CHOICEIN,0.2788,1.4076,245,1d,1y
CHOLAFIN,0.1473,1.7323,246,1d,1y
CHOLAHLDNG,0.2374,1.915,246,1d,1y
CIEINDIA,0.1181,1.8904,246,1d,1y
CIGNITITEC,0.1755,2.3876,246,1d,1y
CINELINE,0.0922,2.8718,245,1d,1y
CINEVISTA,0.2515,3.624,246,1d,1y
CIPLA,0.1723,1.4857,246,1d,1y
CLEAN,-0.03,1.497,246,1d,1y
CLEDUCATE,0.2001,2.7761,245,1d,1y
CLSEL,0.0997,2.5655,246,1d,1y
CMSINFO,0.1335,1.8017,246,1d,1y
COALINDIA,0.2871,1.826,246,1d,1y
COASTCORP,0.108,2.8875,245,1d,1y
COCHINSHIP,0.6146,3.6855,246,1d,1y
COFFEEDAY,0.2587,3.9301,246,1d,1y
COFORGE,0.1356,1.8558,246,1d,1y
COLPAL,0.2209,1.3997,246,1d,1y
COMPUSOFT,0.2182,3.4461,246,1d,1y
COMSYN,-0.3285,3.8058,53,1d,1y
CONCOR,0.183,1.6632,246,1d,1y
CONCORDBIO,0.3208,2.5125,158,1d,1y
CONFIPET,0.1687,2.9522,246,1d,1y
CONSOFINVT,0.3407,3.1939,246,1d,1y
CONTROLPR,0.2235,2.1679,245,1d,1y
CORALFINAC,0.1338,3.5203,245,1d,1y
CORDSCABLE,0.3963,3.5164,246,1d,1y
COROMANDEL,0.0897,1.5094,246,1d,1y
COSMOFIRST,-0.049,1.9117,246,1d,1y
COUNCODOS,0.1114,2.9112,245,1d,1y
CRAFTSMAN,0.1496,1.9815,245,1d,1y
CREATIVE,0.2341,2.8657,245,1d,1y
CREATIVEYE,0.0096,4.3448,245,1d,1y
CREDITACC,0.1772,2.1309,245,1d,1y
CREST,0.3847,3.6532,245,1d,1y
CRISIL,0.1325,1.6927,246,1d,1y
CROMPTON,0.0049,1.6499,246,1d,1y
CROWN,0.6874,2.6598,245,1d,1y
CSBBANK,0.1485,1.9209,246,1d,1y
CSLFINANCE,0.3202,3.2259,246,1d,1y
CTE,0.2503,3.862,245,1d,1y
CUB,0.0865,1.8717,246,1d,1y
CUBEXTUB,0.4595,3.0275,245,1d,1y
CUMMINSIND,0.2791,1.615,245,1d,1y
CUPID,-0.3,19.2554,246,1d,1y
CYBERMEDIA,0.1507,3.814,246,1d,1y
CYBERTECH,0.1067,3.1431,246,1d,1y
CYIENT,0.2743,2.5664,245,1d,1y
CYIENTDLM,0.2796,2.7343,186,1d,1y
DABUR,-0.0211,1.1393,246,1d,1y
DALBHARAT,-0.0101,1.6839,246,1d,1y
DALMIASUG,0.0183,2.1241,245,1d,1y
DAMODARIND,0.0834,3.1178,245,1d,1y
DANGEE,-0.242,3.359,245,1d,1y
DATAMATICS,0.3067,3.5657,246,1d,1y
DATAPATTNS,0.2314,2.8815,246,1d,1y
DAVANGERE,-0.2074,5.8879,52,1d,1y
DBCORP,0.4057,3.0203,245,1d,1y
DBL,0.3847,3.2946,246,1d,1y
DBOL,-0.0459,2.0833,245,1d,1y
DBREALTY,0.3818,3.8215,246,1d,1y
DBSTOCKBRO,0.2845,4.206,245,1d,1y
DCAL,0.2218,3.2059,246,1d,1y
DCBBANK,0.0811,2.0184,246,1d,1y
DCI,0.2616,3.0407,245,1d,1y
DCM,0.039,2.8774,245,1d,1y
DCMFINSERV,0.0478,3.1858,245,1d,1y
DCMNVL,0.0672,3.144,245,1d,1y
DCMSHRIRAM,0.0497,2.1007,246,1d,1y
DCMSRIND,0.4238,3.2326,245,1d,1y
DCW,0.089,2.9238,246,1d,1y
DCXINDIA,0.2472,3.2645,246,1d,1y
DECCANCE,0.1352,1.7044,245,1d,1y
DEEPAKFERT,-0.0622,2.2156,246,1d,1y
DEEPAKNTR,0.0871,1.704,246,1d,1y
DEEPENR,0.2128,3.1555,245,1d,1y
DEEPINDS,0.3049,2.682,245,1d,1y
DELHIVERY,0.1458,2.0808,246,1d,1y
DELPHIFX,-0.1293,3.1125,245,1d,1y
DELTACORP,-0.1742,3.1741,246,1d,1y
DELTAMAGNT,0.1045,3.5684,246,1d,1y
DEN,0.2327,2.9458,246,1d,1y
DENORA,0.1921,3.6024,245,1d,1y
DEVIT,0.0922,2.938,245,1d,1y
DEVYANI,0.02,1.9456,246,1d,1y
DGCONTENT,0.149,3.0724,245,1d,1y
DHAMPURSUG,-0.0158,2.127,246,1d,1y
DHANBANK,0.4281,3.6139,246,1d,1y
DHANI,0.0296,3.0073,246,1d,1y
DHANUKA,0.2568,2.0764,245,1d,1y
DHARMAJ,0.1354,2.4903,246,1d,1y
DHRUV,0.3035,3.2702,245,1d,1y
DHUNINV,0.2735,3.2986,246,1d,1y
DIACABS,0.4845,13.7746,245,1d,1y
DIAMINESQ,0.0569,2.5234,133,1d,1y
DIAMONDYD,0.0918,2.6159,246,1d,1y
DICIND,0.029,2.1403,245,1d,1y
DIGIDRIVE,-1.6035,3.6042,62,1d,1y
DIGISPICE,0.1245,3.4162,246,1d,1y
DIGJAMLMTD,-0.0226,2.3588,203,1d,1y
DIL,-0.2848,3.1187,246,1d,1y
DISHTV,0.1238,3.7931,246,1d,1y
DIVGIITTS,0.0841,2.5824,246,1d,1y
DIVISLAB,0.07,1.4557,246,1d,1y
DIXON,0.3948,1.9806,246,1d,1y
DJML,0.1745,2.6471,246,1d,1y
DLF,0.3217,1.7743,246,1d,1y
DLINKINDIA,0.0809,2.5494,246,1d,1y
DMART,0.1258,1.3105,246,1d,1y
DMCC,0.1006,2.7961,245,1d,1y
DNAMEDIA,0.1899,2.9703,246,1d,1y
DODLA,0.2569,2.6811,246,1d,1y
DOLATALGO,0.2574,3.4767,246,1d,1y
DOLLAR,0.1724,2.369,245,1d,1y
DOLPHIN,0.9922,6.6069,245,1d,1y
DOMS,0.3342,2.4837,75,1d,1y
DONEAR,0.0832,3.1261,246,1d,1y
DPABHUSHAN,0.5074,3.1256,246,1d,1y
DPSCLTD,0.2121,3.7767,246,1d,1y
DPWIRES,0.1561,2.8811,245,1d,1y
DRCSYSTEMS,0.1354,3.4282,245,1d,1y
DREAMFOLKS,0.0586,2.6282,246,1d,1y
DREDGECORP,0.3779,3.0566,246,1d,1y
DRREDDY,0.0923,1.2835,246,1d,1y
DSSL,0.3986,3.5059,246,1d,1y
DTIL,0.0061,2.1614,246,1d,1y
DUCON,0.07,2.8673,246,1d,1y
DVL,0.1675,3.1699,246,1d,1y
DWARKESH,-0.078,1.8642,246,1d,1y
DYCL,0.3463,3.3447,246,1d,1y
DYNAMATECH,0.4506,2.7849,246,1d,1y
DYNPRO,0.0304,2.7506,246,1d,1y
E2E,0.693,3.0699,245,1d,1y
EASEMYTRIP,-0.0032,2.3546,246,1d,1y
ECLERX,0.2447,2.4078,246,1d,1y
EDELWEISS,0.37,3.1164,246,1d,1y
EDUCOMP,0.3366,2.7893,246,1d,1y
EICHERMOT,0.1191,1.5515,246,1d,1y
EIDPARRY,0.077,1.8728,246,1d,1y
EIFFL,-0.0456,2.1765,245,1d,1y
EIHAHOTELS,0.2213,2.324,246,1d,1y
EIHOTEL,0.4173,2.5459,246,1d,1y
EIMCOELECO,0.6264,3.6932,245,1d,1y
EKC,0.142,3.1274,246,1d,1y
ELDEHSG,0.1944,2.6582,245,1d,1y
ELECON,0.3144,2.8297,246,1d,1y
ELECTCAST,0.6995,3.0952,246,1d,1y
ELECTHERM,0.9529,2.8377,245,1d,1y
ELGIEQUIP,0.1296,2.5461,246,1d,1y
ELGIRUBCO,0.1578,3.5795,246,1d,1y
ELIN,0.0386,2.5994,245,1d,1y
EMAMILTD,0.0941,1.7058,246,1d,1y
EMAMIPAP,-0.0105,2.3862,230,1d,1y
EMAMIREAL,0.2028,3.7517,245,1d,1y
EMIL,0.4167,2.9587,246,1d,1y
EMKAY,0.362,3.3951,245,1d,1y
EMMBI,0.0849,2.9615,246,1d,1y
EMSLIMITED,0.3014,3.3837,136,1d,1y
EMUDHRA,0.4424,3.1144,246,1d,1y
ENDURANCE,0.1621,1.8577,245,1d,1y
ENERGYDEV,0.1331,3.4792,245,1d,1y
ENGINERSIN,0.4362,3.3138,246,1d,1y
ENIL,0.2933,3.3429,246,1d,1y
ENTERO,0.0503,4.0313,37,1d,1y
EPACK,-0.2457,3.0478,50,1d,1y
EPIGRAL,0.1781,2.4478,149,1d,1y
EPL,0.0639,1.9269,246,1d,1y
EQUIPPP,-0.0366,2.7819,245,1d,1y
EQUITASBNK,0.1584,2.023,246,1d,1y
ERIS,0.1429,1.5855,246,1d,1y
EROSMEDIA,-0.0828,3.6362,246,1d,1y
ESABINDIA,0.1664,1.7274,245,1d,1y
ESAFSFB,-0.1211,2.8388,102,1d,1y
ESCORTS,0.1766,1.6419,246,1d,1y
ESSARSHPNG,0.4592,3.9747,246,1d,1y
ESSENTIA,0.0032,3.5865,245,1d,1y
ESTER,-0.0406,2.5929,246,1d,1y
ETHOSLTD,0.3509,2.6114,246,1d,1y
EUROTEXIND,0.0362,3.3221,245,1d,1y
EVEREADY,0.053,1.9482,245,1d,1y
EVERESTIND,0.1796,2.5162,245,1d,1y
EXCEL,0.0911,7.3138,246,1d,1y
EXCELINDUS,0.0129,2.1609,246,1d,1y
EXICOM,0.3027,6.9601,25,1d,1y
EXIDEIND,0.312,1.9225,246,1d,1y
EXPLEOSOL,-0.0114,2.3071,245,1d,1y
EXXARO,-0.0508,2.4848,246,1d,1y
FACT,0.3048,3.6373,246,1d,1y
FAIRCHEMOR,0.0702,2.4841,245,1d,1y
FAZE3Q,0.059,2.9163,246,1d,1y
FCL,0.1945,2.9086,246,1d,1y
FCONSUMER,0.0233,4.5333,246,1d,1y
FCSSOFT,0.2688,4.4654,246,1d,1y
FDC,0.2131,1.9092,246,1d,1y
FEDERALBNK,0.0803,1.5682,246,1d,1y
FEDFINA,-0.1456,1.6603,90,1d,1y
FEL,0.0283,3.5976,245,1d,1y
FELDVR,-0.0547,2.9538,245,1d,1y
FIBERWEB,0.0292,3.1377,245,1d,1y
FIEMIND,0.1452,2.1872,246,1d,1y
FILATEX,0.1859,2.7299,246,1d,1y
FINCABLES,0.0724,2.3467,246,1d,1y
FINEORG,-0.0131,1.3821,245,1d,1y
FINOPB,0.1245,2.7922,246,1d,1y
FINPIPE,0.1538,2.2333,246,1d,1y
FIVESTAR,0.1354,2.0991,246,1d,1y
FLAIR,-0.5006,2.616,89,1d,1y
FLEXITUFF,0.1377,3.6275,245,1d,1y
FLFL,-0.4599,2.6801,245,1d,1y
FLUOROCHEM,0.0597,1.9117,246,1d,1y
FMGOETZE,0.072,2.0674,245,1d,1y
FMNL,0.093,2.9171,245,1d,1y
FOCUS,0.1324,2.9368,245,1d,1y
FOODSIN,0.0754,3.0624,246,1d,1y
FORCEMOT,0.9521,3.7904,205,1d,1y
FORTIS,0.1986,1.6216,246,1d,1y
FOSECOIND,0.1261,2.5053,246,1d,1y
FSC,-0.3432,2.8556,246,1d,1y
FSL,0.2374,2.133,246,1d,1y
FUSION,0.074,2.1947,246,1d,1y
GABRIEL,0.3689,2.6191,246,1d,1y
GAEL,0.0968,2.6852,246,1d,1y
GAIL,0.2532,1.8556,246,1d,1y
GALAXYSURF,0.0205,1.5075,245,1d,1y
GALLANTT,0.4768,3.3476,246,1d,1y
GANDHAR,-0.3547,2.5635,90,1d,1y
GANDHITUBE,0.1487,2.3074,245,1d,1y
GANECOS,0.0365,2.0041,245,1d,1y
GANESHBE,-0.0005,2.4734,246,1d,1y
GANESHHOUC,0.3384,3.1404,246,1d,1y
GANGAFORGE,0.4034,3.5029,245,1d,1y
GANGESSECU,0.1297,2.9931,245,1d,1y
GARFIBRES,0.0615,1.5177,246,1d,1y
GATECH,0.1526,3.0495,102,1d,1y
GATECHDVR,-0.832,3.5896,178,1d,1y
GATEWAY,0.2106,2.109,246,1d,1y
GAYAHWS,-0.041,4.3369,245,1d,1y
GEECEE,0.2883,2.9592,245,1d,1y
GEEKAYWIRE,0.5189,3.1395,246,1d,1y
GENCON,-0.1152,2.8544,246,1d,1y
GENESYS,0.3028,3.5486,246,1d,1y
GENSOL,0.4046,3.2574,192,1d,1y
GENUSPAPER,0.1367,3.5206,245,1d,1y
GENUSPOWER,0.4666,3.3078,246,1d,1y
GEOJITFSL,0.27,2.5161,246,1d,1y
GEPIL,0.4122,3.7306,246,1d,1y
GESHIP,0.1592,2.0601,246,1d,1y
GET&D,0.7681,3.3369,246,1d,1y
GFLLIMITED,0.1554,3.2224,245,1d,1y
GHCL,0.0119,1.8148,246,1d,1y
GHCLTEXTIL,0.0993,2.8537,206,1d,1y
GICHSGFIN,0.1122,2.6798,246,1d,1y
GICRE,0.3298,3.2882,246,1d,1y
GILLANDERS,0.0933,3.2229,245,1d,1y
GILLETTE,0.1555,1.5647,246,1d,1y
GINNIFILA,0.182,3.0756,246,1d,1y
GIPCL,0.3744,3.1866,246,1d,1y
GKWLIMITED,0.5946,4.0071,245,1d,1y
GLAND,0.1367,3.1171,246,1d,1y
GLAXO,0.1643,1.6238,246,1d,1y
GLENMARK,0.3116,2.1037,246,1d,1y
GLFL,0.5641,3.4772,245,1d,1y
GLOBAL,0.1852,3.6673,245,1d,1y
GLOBALVECT,0.4379,3.311,246,1d,1y
GLOBE,0.09,3.2914,245,1d,1y
GLOBUSSPR,-0.0403,2.2608,245,1d,1y
GLS,0.271,2.0336,245,1d,1y
GMBREW,0.1049,1.9672,246,1d,1y
GMDCLTD,0.454,3.9054,246,1d,1y
GMMPFAUDLR,-0.0222,1.7063,246,1d,1y
GMRINFRA,0.2634,2.4272,246,1d,1y
GMRP&UI,0.5032,3.8921,246,1d,1y
GNA,-0.0087,2.1725,245,1d,1y
GNFC,0.1009,1.9597,246,1d,1y
GOACARBON,0.2515,2.7237,246,1d,1y
GOCLCORP,0.1558,3.1675,246,1d,1y
GOCOLORS,0.056,1.535,245,1d,1y
GODFRYPHLP,0.2174,2.6504,246,1d,1y
GODHA,-0.1165,5.155,245,1d,1y
GODREJAGRO,0.0827,1.453,246,1d,1y
GODREJCP,0.0896,1.4328,246,1d,1y
GODREJIND,0.2602,2.1591,246,1d,1y
GODREJPROP,0.2993,1.9983,246,1d,1y
GOENKA,-0.0822,3.5224,245,1d,1y
GOKEX,0.3266,2.8774,246,1d,1y
GOKUL,0.1507,3.4648,245,1d,1y
GOKULAGRO,0.0109,2.1631,245,1d,1y
GOLDIAM,0.1045,2.6071,246,1d,1y
GOLDTECH,0.3175,3.0382,245,1d,1y
GOODLUCK,0.2925,2.6193,246,1d,1y
GOPAL,-0.5561,2.0574,19,1d,1y
GOYALALUM,-0.5471,3.0704,245,1d,1y
GPIL,0.3237,2.1922,246,1d,1y
GPPL,0.2609,2.6425,246,1d,1y
GPTHEALTH,-0.5128,3.9575,28,1d,1y
GPTINFRA,0.5361,2.789,246,1d,1y
GRANULES,0.1425,1.7543,246,1d,1y
GRAPHITE,0.3494,2.4941,246,1d,1y
GRASIM,0.1165,1.2478,246,1d,1y
GRAVITA,0.2829,2.7238,245,1d,1y
GREAVESCOT,0.0066,2.223,246,1d,1y
GREENLAM,0.2419,2.9179,245,1d,1y
GREENPANEL,0.0643,2.0434,246,1d,1y
GREENPLY,0.2435,2.3851,246,1d,1y
GREENPOWER,0.377,3.3921,246,1d,1y
GRINDWELL,0.0277,1.6573,245,1d,1y
GRINFRA,0.1269,1.8366,246,1d,1y
GRMOVER,-0.1395,3.243,245,1d,1y
GROBTEA,0.0885,2.344,245,1d,1y
GRPLTD,0.3648,2.6565,245,1d,1y
GRSE,0.2587,3.0856,246,1d,1y
GRWRHITECH,0.4757,3.2255,245,1d,1y
GSFC,0.2476,3.0084,246,1d,1y
GSLSU,0.0917,3.2139,246,1d,1y
GSPL,0.1265,1.8982,246,1d,1y
GSS,-0.1832,2.7696,245,1d,1y
GTECJAINX,0.1547,3.9157,143,1d,1y
GTL,0.2829,3.6591,246,1d,1y
GTLINFRA,0.2947,4.2158,246,1d,1y
GTPL,0.2023,2.9246,245,1d,1y
GUFICBIO,0.177,2.5035,246,1d,1y
GUJALKALI,0.0935,2.0472,245,1d,1y
GUJAPOLLO,0.1248,2.561,245,1d,1y
GUJGASLTD,0.0781,1.5751,246,1d,1y
GUJRAFFIA,0.1401,2.6936,230,1d,1y
GULFOILLUB,0.3807,2.3661,246,1d,1y
GULFPETRO,0.2817,3.3898,246,1d,1y
GULPOLY,-0.0207,2.4767,245,1d,1y
GVKPIL,0.564,3.7072,246,1d,1y
GVPTECH,-0.3426,1.7517,245,1d,1y
HAL,0.3891,1.8524,246,1d,1y
HAPPSTMNDS,0.0073,1.5732,246,1d,1y
HAPPYFORGE,-0.1473,1.8561,71,1d,1y
HARDWYN,0.1572,3.5343,246,1d,1y
HARIOMPIPE,0.0542,2.2464,246,1d,1y
HARRMALAYA,0.1446,2.6915,246,1d,1y
HARSHA,-0.0059,1.8833,246,1d,1y
HATHWAY,0.1899,2.7057,246,1d,1y
HATSUN,0.0717,1.5865,245,1d,1y
HAVELLS,0.0987,1.3988,246,1d,1y
HAVISHA,0.1042,2.7963,245,1d,1y
HBLPOWER,0.6297,3.4657,246,1d,1y
HBSL,0.2902,2.9427,245,1d,1y
HCC,0.3962,3.9308,246,1d,1y
HCG,0.1319,1.6663,246,1d,1y
HCL-INSYS,0.154,3.1835,246,1d,1y
HCLTECH,0.143,1.3545,246,1d,1y
HDFCAMC,0.2938,1.8536,246,1d,1y
HDFCBANK,-0.0441,1.2234,246,1d,1y
HDFCLIFE,0.0616,1.5079,246,1d,1y
HDIL,0.1487,2.4882,245,1d,1y
HEADSUP,0.0509,3.5675,246,1d,1y
HECPROJECT,0.4382,3.9486,245,1d,1y
HEG,0.3353,2.7012,246,1d,1y
HEIDELBERG,0.0711,1.5032,246,1d,1y
HEMIPROP,0.3377,2.9452,246,1d,1y
HERANBA,0.0008,2.2529,246,1d,1y
HERCULES,0.3921,2.9875,246,1d,1y
HERITGFOOD,0.2514,2.519,246,1d,1y
HEROMOTOCO,0.2432,1.5776,246,1d,1y
HESTERBIO,-0.0518,1.4663,246,1d,1y
HEUBACHIND,0.1679,2.9232,246,1d,1y
HEXATRADEX,0.0069,1.7993,245,1d,1y
HFCL,0.179,2.8324,246,1d,1y
HGINFRA,0.0924,1.782,246,1d,1y
HGS,-0.0823,1.3213,246,1d,1y
HIKAL,-0.0107,1.694,246,1d,1y
HIL,0.0177,1.8325,246,1d,1y
HILTON,0.0153,3.2679,246,1d,1y
HIMATSEIDE,0.2365,3.0077,246,1d,1y
HINDALCO,0.1427,1.7776,246,1d,1y
HINDCOMPOS,0.1801,2.573,246,1d,1y
HINDCON,0.4078,3.2627,245,1d,1y
HINDCOPPER,0.5233,3.1794,246,1d,1y
HINDMOTORS,0.1337,2.8264,246,1d,1y
HINDOILEXP,0.1394,3.0874,246,1d,1y
HINDPETRO,0.3078,2.4678,246,1d,1y
HINDUNILVR,-0.0521,1.008,246,1d,1y
HINDWAREAP,0.0157,2.8801,246,1d,1y
HINDZINC,0.1228,1.6222,246,1d,1y
HIRECT,0.4518,3.6345,246,1d,1y
HISARMETAL,0.146,3.4043,246,1d,1y
HITECH,0.2244,3.0211,246,1d,1y
HITECHCORP,0.0689,2.7055,246,1d,1y
HITECHGEAR,0.5043,3.7059,246,1d,1y
HLEGLAS,-0.0599,2.2202,246,1d,1y
HLVLTD,0.4226,3.8712,246,1d,1y
HMAAGRO,-1.1203,16.9153,192,1d,1y
HMT,0.3457,2.8565,245,1d,1y
HMVL,0.3505,3.3375,245,1d,1y
HNDFDS,-0.0598,1.5419,230,1d,1y
HOMEFIRST,0.0926,1.9774,246,1d,1y
HONASA,0.1603,3.5931,104,1d,1y
HONAUT,0.0799,1.2195,246,1d,1y
HONDAPOWER,0.0662,2.027,245,1d,1y
HOVS,0.273,3.9825,245,1d,1y
HPAL,0.1353,2.5808,245,1d,1y
HPIL,0.2861,3.5388,245,1d,1y
HPL,0.5393,3.6584,246,1d,1y
HSCL,0.511,2.8647,246,1d,1y
HTMEDIA,0.1966,3.0071,246,1d,1y
HUBTOWN,0.5247,3.3782,245,1d,1y
HUDCO,0.6198,3.5685,246,1d,1y
HUHTAMAKI,0.186,2.1696,245,1d,1y
HYBRIDFIN,-0.0242,2.8677,246,1d,1y
IBREALEST,0.3541,3.7141,246,1d,1y
IBULHSGFIN,0.2647,3.1237,246,1d,1y
ICDSLTD,0.2087,2.8654,245,1d,1y
ICEMAKE,0.1861,2.8789,245,1d,1y
ICICIBANK,0.084,0.9702,246,1d,1y
ICICIGI,0.175,1.4805,245,1d,1y
ICICIPRULI,0.1438,1.7092,245,1d,1y
ICIL,0.4157,3.1035,246,1d,1y
ICRA,0.0631,1.4243,245,1d,1y
IDBI,0.2115,2.4328,246,1d,1y
IDEA,0.3106,3.4963,246,1d,1y
IDEAFORGE,-0.3367,2.5374,188,1d,1y
IDFC,0.1901,1.5762,246,1d,1y
IDFCFIRSTB,0.182,1.6462,246,1d,1y
IEL,0.1162,2.6877,245,1d,1y
IEX,-0.0079,2.1614,246,1d,1y
IFBAGRO,-0.0338,1.8146,246,1d,1y
IFBIND,0.2212,2.1505,246,1d,1y
IFCI,0.6032,4.113,246,1d,1y
IFGLEXPOR,0.4129,3.605,245,1d,1y
IGARASHI,0.07,2.4848,246,1d,1y
IGL,-0.019,1.8117,246,1d,1y
IGPL,0.0317,2.1136,245,1d,1y
IIFL,-0.0374,3.2835,246,1d,1y
IIFLSEC,0.3866,3.4588,246,1d,1y
IITL,0.3186,3.6016,245,1d,1y
IKIO,-0.1492,2.2676,202,1d,1y
IL&FSENGG,0.4201,2.8732,245,1d,1y
IL&FSTRANS,0.1578,2.8136,245,1d,1y
IMAGICAA,0.2504,3.4873,246,1d,1y
IMFA,0.3862,2.6309,245,1d,1y
IMPAL,0.1954,2.1973,245,1d,1y
IMPEXFERRO,0.0758,3.0595,245,1d,1y
INCREDIBLE,0.3042,3.3639,245,1d,1y
INDBANK,0.2714,3.7121,245,1d,1y
INDHOTEL,0.2525,1.5763,245,1d,1y
INDIACEM,0.0765,2.5205,246,1d,1y
INDIAGLYCO,0.1651,2.0294,246,1d,1y
INDIAMART,-0.0178,1.8253,246,1d,1y
INDIANB,0.2476,2.3907,246,1d,1y
INDIANCARD,0.0567,2.6109,245,1d,1y
INDIANHUME,0.2968,3.2974,246,1d,1y
INDIASHLTR,0.1264,2.4391,75,1d,1y
INDIGO,0.2757,1.6094,246,1d,1y
INDIGOPNTS,0.0894,1.5081,246,1d,1y
INDNIPPON,0.2741,2.8762,246,1d,1y
INDOAMIN,0.1729,3.483,246,1d,1y
INDOBORAX,0.19,2.7596,245,1d,1y
INDOCO,0.0214,1.8583,245,1d,1y
INDORAMA,0.0096,2.911,246,1d,1y
INDOSTAR,0.2441,2.6466,245,1d,1y
INDOTECH,0.8149,3.8357,245,1d,1y
INDOTHAI,0.1099,3.156,245,1d,1y
INDOWIND,0.2805,3.2112,245,1d,1y
INDRAMEDCO,0.4337,2.696,246,1d,1y
INDSWFTLAB,0.2837,3.5008,246,1d,1y
INDSWFTLTD,0.4178,3.7307,245,1d,1y
INDTERRAIN,0.1424,2.967,246,1d,1y
INDUSINDBK,0.138,1.4948,246,1d,1y
INDUSTOWER,0.3552,2.4484,246,1d,1y
INFIBEAM,0.3818,3.4453,246,1d,1y
INFOBEAN,-0.0674,1.8219,245,1d,1y
INFY,0.0272,1.5565,246,1d,1y
INGERRAND,0.1141,1.9505,246,1d,1y
INNOVACAP,-0.1629,2.0527,70,1d,1y
INOXGREEN,0.5417,3.3911,246,1d,1y
INOXINDIA,0.4957,3.5752,75,1d,1y
INOXWIND,0.7176,3.5316,245,1d,1y
INSECTICID,0.0554,2.1483,246,1d,1y
INTELLECT,0.3414,2.5948,246,1d,1y
INTENTECH,0.2637,3.0973,245,1d,1y
INTLCONV,0.191,3.6823,246,1d,1y
INVENTURE,0.0932,3.6355,246,1d,1y
IOB,0.409,3.3911,246,1d,1y
IOC,0.3226,2.0062,246,1d,1y
IOLCP,0.0459,2.6423,246,1d,1y
IONEXCHANG,0.2069,2.9686,246,1d,1y
IPCALAB,0.2002,1.7485,246,1d,1y
IPL,0.0386,3.0666,246,1d,1y
IRB,0.3826,3.0489,246,1d,1y
IRCON,0.5514,3.6659,246,1d,1y
IRCTC,0.2364,1.8401,246,1d,1y
IREDA,1.1387,5.2575,91,1d,1y
IRFC,0.6794,3.7907,246,1d,1y
IRIS,0.23,3.0527,246,1d,1y
IRISDOREME,0.0671,2.5986,246,1d,1y
IRMENERGY,0.0093,2.9954,113,1d,1y
ISEC,0.1947,1.77,246,1d,1y
ISFT,-0.0611,3.1354,245,1d,1y
ISGEC,0.2933,2.5757,245,1d,1y
ISMTLTD,0.1299,2.5177,246,1d,1y
ITC,0.0341,1.1327,246,1d,1y
ITDC,0.3022,3.2705,246,1d,1y
ITDCEM,0.4501,2.8651,246,1d,1y
ITI,0.4313,3.9357,246,1d,1y
IVC,0.1841,3.0213,245,1d,1y
IVP,0.1311,3.4333,245,1d,1y
IWEL,0.7235,3.2098,246,1d,1y
IZMO,0.3298,3.34,245,1d,1y
J&KBANK,0.403,2.9113,246,1d,1y
JAGRAN,0.15,2.7944,246,1d,1y
JAGSNPHARM,-0.072,2.5756,246,1d,1y
JAIBALAJI,1.2546,3.4346,246,1d,1y
JAICORPLTD,0.2802,3.488,246,1d,1y
JAIPURKURT,-0.2905,3.3689,230,1d,1y
JAMNAAUTO,0.1152,2.2122,246,1d,1y
JASH,0.2921,2.4556,246,1d,1y
JAYAGROGN,0.109,2.4123,245,1d,1y
JAYBARMARU,0.3158,3.2163,246,1d,1y
JAYNECOIND,0.3534,3.2013,245,1d,1y
JAYSREETEA,0.0733,2.3577,246,1d,1y
JBCHEPHARM,0.2073,1.9849,246,1d,1y
JBMA,0.3439,3.2767,246,1d,1y
JCHAC,0.0245,2.582,246,1d,1y
JETAIRWAYS,-0.0926,2.6077,246,1d,1y
JETFREIGHT,0.0789,3.3504,246,1d,1y
JGCHEM,1.0441,4.9984,20,1d,1y
JHS,0.0428,3.3851,246,1d,1y
JINDALPHOT,0.25,3.5851,245,1d,1y
JINDALPOLY,-0.023,2.0812,245,1d,1y
JINDALSAW,0.4666,3.5346,246,1d,1y
JINDALSTEL,0.1923,1.9719,246,1d,1y
JINDRILL,0.3364,3.0576,245,1d,1y
JINDWORLD,-0.0076,2.6682,246,1d,1y
JIOFIN,0.2579,2.6584,157,1d,1y
JISLDVREQS,0.2411,3.2731,246,1d,1y
JISLJALEQS,0.1933,3.2497,246,1d,1y
JITFINFRA,0.707,3.0645,245,1d,1y
JKCEMENT,0.1503,1.5049,245,1d,1y
JKIL,0.3653,2.7672,246,1d,1y
JKLAKSHMI,0.0037,2.1206,246,1d,1y
JKPAPER,-0.019,1.9322,246,1d,1y
JKTYRE,0.3824,2.78,246,1d,1y
JLHL,0.1173,2.2329,138,1d,1y
JMA,0.2004,2.9849,246,1d,1y
JMFINANCIL,0.1041,2.8101,246,1d,1y
JOCIL,0.0141,2.6371,245,1d,1y
JPASSOCIAT,0.4105,4.2701,246,1d,1y
JPOLYINVST,0.0732,3.2018,245,1d,1y
JPPOWER,0.4462,3.4498,246,1d,1y
JSFB,0.4844,3.5658,39,1d,1y
JSL,0.385,2.4141,246,1d,1y
JSWENERGY,0.3759,2.6784,246,1d,1y
JSWHL,0.2179,2.5348,246,1d,1y
JSWINFRA,0.3361,2.9532,128,1d,1y
JSWSTEEL,0.0752,1.3327,246,1d,1y
JTEKTINDIA,0.21,2.6158,246,1d,1y
JTLIND,0.0883,2.7781,245,1d,1y
JUBLFOOD,0.0239,1.5048,246,1d,1y
JUBLINDS,0.4448,3.381,246,1d,1y
JUBLINGREA,0.1334,2.0345,245,1d,1y
JUBLPHARMA,0.3036,2.778,245,1d,1y
JUNIPER,0.6671,4.3595,29,1d,1y
JUSTDIAL,0.1374,1.7479,246,1d,1y
JWL,0.5485,3.2476,246,1d,1y
JYOTHYLAB,0.3265,2.5082,246,1d,1y
JYOTI-RE,,,0,1d,1y
JYOTICNC,1.0298,4.4146,58,1d,1y
JYOTISTRUC,0.4782,3.3698,246,1d,1y
KABRAEXTRU,-0.2093,2.0586,246,1d,1y
KAJARIACER,0.0389,1.6688,246,1d,1y
KAKATCEM,0.0433,2.2895,245,1d,1y
KALAMANDIR,-0.1241,2.6239,132,1d,1y
KALYANI,,,0,1d,1y
KALYANIFRG,0.2059,2.6398,245,1d,1y
KALYANKJIL,0.5762,2.7967,246,1d,1y
KAMATHOTEL,0.3304,2.8611,246,1d,1y
KAMDHENU,0.1618,2.8055,246,1d,1y
KAMOPAINTS,0.1806,3.5641,246,1d,1y
KANANIIND,0.0603,3.057,245,1d,1y
KANORICHEM,0.0328,2.889,246,1d,1y
KANPRPLA,0.1136,2.6481,245,1d,1y
KANSAINER,0.0401,1.4223,246,1d,1y
KAPSTON,0.267,2.4389,245,1d,1y
KARMAENG,0.256,3.0689,245,1d,1y
KARURVYSYA,0.2674,1.8985,246,1d,1y
KAUSHALYA,0.287,3.5643,246,1d,1y
KAVVERITEL,0.3567,3.2466,245,1d,1y
KAYA,0.0289,2.2048,245,1d,1y
KAYNES,0.3933,2.6124,246,1d,1y
KBCGLOBAL,-0.0481,2.8324,246,1d,1y
KCP,0.1906,2.7236,246,1d,1y
KCPSUGIND,0.1546,3.3545,246,1d,1y
KDDL,0.3698,2.8301,246,1d,1y
KEC,0.1757,2.2228,246,1d,1y
KECL,0.156,3.5995,246,1d,1y
KEEPLEARN,0.04,3.0034,245,1d,1y
KEI,0.3357,2.4089,246,1d,1y
KELLTONTEC,0.2623,3.2443,246,1d,1y
KERNEX,0.3646,2.7186,245,1d,1y
KESORAMIND,0.4268,2.4466,246,1d,1y
KEYFINSERV,0.2853,3.9979,246,1d,1y
KFINTECH,0.3051,2.3344,246,1d,1y
KHADIM,0.217,2.9945,245,1d,1y
KHAICHEM,-0.0101,2.7274,245,1d,1y
KHAITANLTD,0.2116,3.4738,245,1d,1y
KHANDSE,0.0532,3.1297,245,1d,1y
KICL,0.3283,2.37,245,1d,1y
KILITCH,0.3081,2.6841,245,1d,1y
KIMS,0.1178,1.5648,245,1d,1y
KINGFA,0.0636,2.6273,245,1d,1y
KIOCL,0.3723,4.2867,246,1d,1y
KIRIINDUS,0.0814,2.3866,246,1d,1y
KIRLOSBROS,0.3904,3.2098,245,1d,1y
KIRLOSENG,0.3208,2.4337,246,1d,1y
KIRLOSIND,0.1843,2.0796,245,1d,1y
KIRLPNU,0.0624,1.9257,237,1d,1y
KITEX,0.1299,2.5749,246,1d,1y
KKCL,0.2262,1.9033,245,1d,1y
KMSUGAR,0.0405,2.5798,246,1d,1y
KNRCON,0.0309,1.7596,246,1d,1y
KOHINOOR,0.1456,3.2585,245,1d,1y
KOKUYOCMLN,0.2221,2.9171,245,1d,1y
KOLTEPATIL,0.3214,2.8362,246,1d,1y
KOPRAN,0.2532,3.326,246,1d,1y
KOTAKBANK,-0.0125,1.1006,246,1d,1y
KOTARISUG,0.1737,2.5883,246,1d,1y
KOTHARIPET,0.3059,3.4342,245,1d,1y
KOTHARIPRO,0.0566,2.778,245,1d,1y
KPIGREEN,0.7254,3.4401,246,1d,1y
KPIL,0.4043,2.2942,201,1d,1y
KPITTECH,0.2158,2.2084,246,1d,1y
KPRMILL,0.1254,1.8211,246,1d,1y
KRBL,-0.0507,2.1654,246,1d,1y
KREBSBIO,-0.037,2.6081,245,1d,1y
KRIDHANINF,0.2294,2.9627,245,1d,1y
KRISHANA,-0.0326,1.7592,246,1d,1y
KRITI,0.099,3.0248,245,1d,1y
KRITIKA,0.6097,2.7922,245,1d,1y
KRITINUT,0.3472,3.4254,245,1d,1y
KRSNAA,0.0757,2.5251,246,1d,1y
KRYSTAL,2.7281,5.2048,14,1d,1y
KSB,0.2717,2.4222,246,1d,1y
KSCL,0.1157,1.8982,246,1d,1y
KSHITIJPOL,-0.5907,3.5677,227,1d,1y
KSL,0.4196,3.1365,246,1d,1y
KSOLVES,0.3294,3.3242,246,1d,1y
KTKBANK,0.2358,2.4044,246,1d,1y
KUANTUM,0.048,2.5407,246,1d,1y
L&TFH,0.2639,2.024,246,1d,1y
LAGNAM,0.3335,3.775,245,1d,1y
LAKPRE,-0.0541,2.6436,245,1d,1y
LAL,0.5419,3.1012,246,1d,1y
LALPATHLAB,0.0864,1.7739,246,1d,1y
LAMBODHARA,-0.0326,3.7288,246,1d,1y
LANCORHOL,0.1241,2.8471,21,1d,1y
LANDMARK,0.1388,2.4839,246,1d,1y
LAOPALA,-0.0454,2.0351,246,1d,1y
LASA,0.0456,3.2524,246,1d,1y
LATENTVIEW,0.1575,2.3485,246,1d,1y
LATTEYS,-0.1779,3.2453,245,1d,1y
LAURUSLABS,0.1396,1.9604,246,1d,1y
LAXMICOT,0.198,3.5549,246,1d,1y
LAXMIMACH,0.1823,1.6868,246,1d,1y
LCCINFOTEC,0.0747,3.0324,245,1d,1y
LEMONTREE,0.242,2.1133,246,1d,1y
LEXUS,-0.2451,3.3921,245,1d,1y
LFIC,0.2137,4.0406,245,1d,1y
LGBBROSLTD,0.1784,2.1383,245,1d,1y
LGBFORGE,0.0732,3.0512,246,1d,1y
LGHL,0.9785,2.9823,246,1d,1y
LIBAS,0.2179,3.4567,245,1d,1y
LIBERTSHOE,0.1339,3.0767,246,1d,1y
LICHSGFIN,0.279,1.7222,246,1d,1y
LICI,0.2313,1.9153,246,1d,1y
LIKHITHA,-0.0006,2.2978,245,1d,1y
LINC,-0.0055,2.5697,246,1d,1y
LINCOLN,0.1647,2.4061,246,1d,1y
LINDEINDIA,0.1988,2.2333,246,1d,1y
LLOYDSENGG,0.2505,3.6004,126,1d,1y
LLOYDSME,0.1181,2.4708,181,1d,1y
LODHA,0.3931,2.5386,246,1d,1y
LOKESHMACH,0.482,3.2073,246,1d,1y
LORDSCHLO,-0.2051,3.8091,152,1d,1y
LOTUSEYE,-0.0217,3.6154,245,1d,1y
LOVABLE,0.0833,2.7793,246,1d,1y
LOYALTEX,-0.0426,2.9492,245,1d,1y
LPDC,0.1468,3.6505,245,1d,1y
LT,0.1991,1.3174,246,1d,1y
LTFOODS,0.2235,3.1022,110,1d,1y
LTIM,0.0208,1.6287,246,1d,1y
LTTS,0.1921,1.5612,246,1d,1y
LUMAXIND,0.1075,2.0468,245,1d,1y
LUMAXTECH,0.1985,2.6023,246,1d,1y
LUPIN,0.3601,1.4756,246,1d,1y
LUXIND,-0.0126,1.7604,246,1d,1y
LXCHEM,-0.0114,2.0774,246,1d,1y
LYKALABS,0.0333,2.511,246,1d,1y
LYPSAGEMS,0.1296,3.1802,246,1d,1y
M&M,0.2212,1.5988,246,1d,1y
M&MFIN,0.064,1.9167,246,1d,1y
MAANALU,0.4663,3.5682,245,1d,1y
MACPOWER,0.5563,3.3353,245,1d,1y
MADHAV,0.0279,3.2561,245,1d,1y
MADHUCON,0.2579,3.037,245,1d,1y
MADRASFERT,0.0891,2.8553,246,1d,1y
MAGADSUGAR,0.2093,3.0167,246,1d,1y
MAGNUM,0.274,3.281,246,1d,1y
MAHABANK,0.3415,2.7052,246,1d,1y
MAHAPEXLTD,0.148,3.4164,246,1d,1y
MAHASTEEL,0.2627,3.3115,246,1d,1y
MAHEPC,0.1625,2.6479,245,1d,1y
MAHESHWARI,-0.1119,2.7471,246,1d,1y
MAHLIFE,0.2312,1.7988,246,1d,1y
MAHLOG,0.0856,1.9468,246,1d,1y
MAHSCOOTER,0.2178,1.6108,246,1d,1y
MAHSEAMLES,0.3421,2.5526,246,1d,1y
MAITHANALL,0.1258,2.2692,246,1d,1y
MALLCOM,0.0855,2.6981,245,1d,1y
MALUPAPER,0.1171,3.2707,245,1d,1y
MANAKALUCO,0.1002,3.7556,245,1d,1y
MANAKCOAT,0.3278,3.6761,246,1d,1y
MANAKSIA,-0.0599,2.6444,246,1d,1y
MANAKSTEEL,0.2197,3.5119,245,1d,1y
MANALIPETC,0.0303,2.511,246,1d,1y
MANAPPURAM,0.1764,2.6269,246,1d,1y
MANGALAM,-0.0495,2.1815,246,1d,1y
MANGCHEFER,0.0553,2.5638,246,1d,1y
MANGLMCEM,0.4473,2.5999,245,1d,1y
MANINDS,0.5724,3.5104,245,1d,1y
MANINFRA,0.4103,2.7132,246,1d,1y
MANKIND,0.2137,2.0852,230,1d,1y
MANOMAY,0.1026,2.9581,245,1d,1y
MANORAMA,-0.3304,10.3458,245,1d,1y
MANORG,-0.1364,2.4898,245,1d,1y
MANUGRAPH,0.1382,4.3215,246,1d,1y
MANYAVAR,-0.1239,1.6487,246,1d,1y
MAPMYINDIA,0.238,2.168,246,1d,1y
MARALOVER,0.129,3.6335,246,1d,1y
MARATHON,0.1783,2.4943,245,1d,1y
MARICO,0.0311,1.3426,246,1d,1y
MARINE,0.3452,3.1117,246,1d,1y
MARKSANS,0.3063,2.6971,246,1d,1y
MARSHALL,-0.2064,3.155,245,1d,1y
MARUTI,0.1416,1.175,246,1d,1y
MASFIN,0.0887,1.6773,246,1d,1y
MASKINVEST,0.0483,2.5626,245,1d,1y
MASTEK,0.2015,2.2533,246,1d,1y
MATRIMONY,0.0324,1.5897,246,1d,1y
MAWANASUG,0.0152,2.0607,246,1d,1y
MAXESTATES,0.0635,2.3704,110,1d,1y
MAXHEALTH,0.2501,2.3391,246,1d,1y
MAXIND,0.4092,3.1368,246,1d,1y
MAYURUNIQ,0.0235,1.9795,245,1d,1y
MAZDA,0.335,3.1239,245,1d,1y
MAZDOCK,0.468,3.1381,246,1d,1y
MBAPL,-0.1046,2.0325,245,1d,1y
MBECL,0.0406,2.7612,246,1d,1y
MBLINFRA,0.4728,2.9878,245,1d,1y
MCDOWELL-N,0.1795,1.4253,246,1d,1y
MCL,0.0528,3.1336,245,1d,1y
MCLEODRUSS,0.1548,3.5837,245,1d,1y
MCX,0.3905,2.5569,246,1d,1y
MEDANTA,0.4286,1.9294,246,1d,1y
MEDIASSIST,0.1774,2.9311,54,1d,1y
MEDICAMEQ,-0.2148,2.3141,245,1d,1y
MEDICO,-0.2583,3.1174,245,1d,1y
MEDPLUS,-0.013,1.9942,246,1d,1y
MEGASOFT,0.382,4.2662,246,1d,1y
MEGASTAR,0.0927,2.7032,245,1d,1y
MELSTAR,0.3433,3.2336,245,1d,1y
MENONBE,0.0913,2.2025,245,1d,1y
MEP,-0.1536,3.694,245,1d,1y
METALFORGE,0.1969,3.0144,245,1d,1y
METROBRAND,0.1105,2.3451,246,1d,1y
METROPOLIS,0.1457,1.9933,245,1d,1y
MFSL,0.206,1.8305,245,1d,1y
MGEL,-0.0092,3.2095,246,1d,1y
MGL,0.1499,2.1099,245,1d,1y
MHLXMIRU,0.0304,3.6357,245,1d,1y
MHRIL,0.125,1.9327,246,1d,1y
MICEL,0.507,3.4044,246,1d,1y
MIDHANI,0.3164,3.0262,246,1d,1y
MINDACORP,0.1777,2.1102,246,1d,1y
MINDTECK,0.3392,4.0422,246,1d,1y
MIRCELECTR,0.169,3.8822,246,1d,1y
MIRZAINT,0.1352,3.4812,245,1d,1y
MITCON,0.1933,3.2263,245,1d,1y
MITTAL,0.1406,2.8545,246,1d,1y
MKPL,-0.3142,4.1932,246,1d,1y
MMFL,0.015,1.9563,246,1d,1y
MMP,0.2607,2.7747,245,1d,1y
MMTC,0.377,3.9664,246,1d,1y
MODIRUBBER,0.2644,2.507,245,1d,1y
MODISONLTD,0.366,3.5794,245,1d,1y
MODTHREAD,2.8152,4.6224,37,1d,1y
MOHITIND,0.2204,3.3883,245,1d,1y
MOIL,0.3184,2.9874,246,1d,1y
MOKSH,0.2524,3.4893,246,1d,1y
MOL,-0.0111,2.3223,246,1d,1y
MOLDTECH,-0.0725,3.4196,246,1d,1y
MOLDTKPAC,-0.0383,1.4922,246,1d,1y
MONARCH,0.4052,2.6234,245,1d,1y
MONTECARLO,-0.0217,2.0855,245,1d,1y
MOREPENLAB,0.2142,2.777,246,1d,1y
MOTHERSON,0.2319,1.6571,246,1d,1y
MOTILALOFS,0.4803,2.8014,246,1d,1y
MOTISONS,0.6538,4.9084,73,1d,1y
MOTOGENFIN,0.0318,3.4887,245,1d,1y
MPHASIS,0.1318,1.8212,246,1d,1y
MPSLTD,0.2354,3.3241,246,1d,1y
MRF,0.1763,1.2047,246,1d,1y
MRO-TEK,0.146,3.7454,246,1d,1y
MRPL,0.5822,3.4715,246,1d,1y
MSPL,0.4747,2.8914,245,1d,1y
MSTCLTD,0.493,3.4535,246,1d,1y
MSUMI,0.1293,1.6837,246,1d,1y
MTARTECH,0.0347,2.2534,246,1d,1y
MTEDUCARE,-0.098,2.69,246,1d,1y
MTNL,0.2682,3.8647,246,1d,1y
MUFIN,-0.0179,3.6955,106,1d,1y
MUFTI,-0.6888,2.8675,72,1d,1y
MUKANDLTD,0.0931,2.8983,246,1d,1y
MUKKA,-0.536,4.268,23,1d,1y
MUKTAARTS,0.1717,2.8038,245,1d,1y
MUNJALAU,0.2938,2.8069,246,1d,1y
MUNJALSHOW,0.2385,2.8912,246,1d,1y
MURUDCERA,0.1512,3.2304,246,1d,1y
MUTHOOTCAP,0.045,2.654,245,1d,1y
MUTHOOTFIN,0.1953,1.6832,246,1d,1y
MUTHOOTMF,-0.1699,2.2278,72,1d,1y
MVGJL,0.0938,4.1018,129,1d,1y
NACLIND,-0.1342,2.1665,245,1d,1y
NAGAFERT,-0.0476,3.0151,246,1d,1y
NAGREEKCAP,-0.015,3.2103,245,1d,1y
NAGREEKEXP,0.234,4.2113,245,1d,1y
NAHARCAP,0.0421,2.5204,246,1d,1y
NAHARINDUS,0.1163,3.0631,245,1d,1y
NAHARPOLY,-0.0672,2.2361,245,1d,1y
NAHARSPING,0.0417,2.5432,245,1d,1y
NAM-INDIA,0.3391,2.0765,246,1d,1y
NARMADA,-0.0055,3.1659,245,1d,1y
NATCOPHARM,0.2159,2.072,246,1d,1y
NATHBIOGEN,0.1006,2.3865,245,1d,1y
NATIONALUM,0.3289,2.5759,246,1d,1y
NAUKRI,0.1824,1.8843,246,1d,1y
NAVA,0.3114,2.5765,246,1d,1y
NAVINFLUOR,-0.1294,1.7385,246,1d,1y
NAVKARCORP,0.2504,3.5046,246,1d,1y
NAVNETEDUL,0.1296,2.3733,245,1d,1y
NAZARA,0.0801,2.2266,245,1d,1y
NBCC,0.5116,3.3656,246,1d,1y
NBIFIN,0.0869,1.864,245,1d,1y
NCC,0.3568,3.1473,246,1d,1y
NCLIND,0.0747,2.0659,246,1d,1y
NDGL,0.2388,2.6584,245,1d,1y
NDL,0.2815,3.1428,246,1d,1y
NDLVENTURE,-0.0603,2.4583,230,1d,1y
NDRAUTO,0.4084,2.991,246,1d,1y
NDTV,0.0666,2.6561,246,1d,1y
NECCLTD,0.2034,3.835,246,1d,1y
NECLIFE,0.2692,3.2432,245,1d,1y
NELCAST,0.1934,2.6144,246,1d,1y
NELCO,0.1342,2.3828,246,1d,1y
NEOGEN,-0.0623,1.7946,246,1d,1y
NESCO,0.1771,1.8195,246,1d,1y
NESTLEIND,0.108,1.1368,246,1d,1y
NETWEB,0.3318,2.9497,174,1d,1y
NETWORK18,0.1961,3.2483,246,1d,1y
NEULANDLAB,0.4763,3.3009,246,1d,1y
NEWGEN,0.4978,2.9727,246,1d,1y
NEXTMEDIA,0.1271,3.1222,245,1d,1y
NFL,0.0645,2.7479,246,1d,1y
NGIL,0.0293,3.5157,246,1d,1y
NGLFINE,0.2027,3.0049,246,1d,1y
NH,0.2076,1.8971,246,1d,1y
NHPC,0.313,2.5811,246,1d,1y
NIACL,0.3204,3.4984,246,1d,1y
NIBL,0.241,2.8877,245,1d,1y
NIITLTD,-0.4993,9.6912,246,1d,1y
NIITMTS,0.163,3.0837,165,1d,1y
NILAINFRA,0.3394,3.6217,246,1d,1y
NILASPACES,0.3611,3.9287,245,1d,1y
NILKAMAL,0.026,2.0306,246,1d,1y
NINSYS,0.3487,3.0848,245,1d,1y
NIPPOBATRY,0.2749,2.9957,246,1d,1y
NIRAJ,0.1933,3.232,245,1d,1y
NIRAJISPAT,0.2436,1.0892,21,1d,1y
NITCO,0.464,3.4107,245,1d,1y
NITINSPIN,0.1296,2.5486,245,1d,1y
NITIRAJ,0.3603,2.4768,245,1d,1y
NKIND,0.0999,3.5018,245,1d,1y
NLCINDIA,0.443,3.273,246,1d,1y
NMDC,0.3118,2.117,246,1d,1y
NOCIL,0.081,2.1805,246,1d,1y
NOIDATOLL,0.1112,3.315,245,1d,1y
NORBTEAEXP,0.2355,3.3628,246,1d,1y
NOVAAGRI,-0.096,3.5976,49,1d,1y
NRAIL,0.3075,2.5909,245,1d,1y
NRBBEARING,0.3206,3.1203,246,1d,1y
NRL,0.028,3.4129,246,1d,1y
NSIL,0.1921,2.3204,246,1d,1y
NSLNISP,0.2861,3.0438,246,1d,1y
NTPC,0.301,1.5524,246,1d,1y
NUCLEUS,0.3098,3.5,245,1d,1y
NURECA,-0.0643,2.9899,246,1d,1y
NUVAMA,0.5563,3.3304,132,1d,1y
NUVOCO,-0.021,1.4729,246,1d,1y
NYKAA,0.1408,2.095,246,1d,1y
OAL,-0.0594,2.8735,246,1d,1y
OBCL,-0.0731,3.4832,246,1d,1y
OBEROIRLTY,0.2023,1.86,246,1d,1y
OCCL,0.0212,2.0968,245,1d,1y
OFSS,0.3715,2.5072,246,1d,1y
OIL,0.348,2.2984,246,1d,1y
OILCOUNTUB,0.3471,4.052,245,1d,1y
OLECTRA,0.4268,3.078,246,1d,1y
OMAXAUTO,0.4075,2.636,245,1d,1y
OMAXE,0.2564,3.5526,246,1d,1y
OMINFRAL,0.5214,2.6762,245,1d,1y
OMKARCHEM,-0.0202,2.9844,245,1d,1y
ONELIFECAP,0.2054,4.1675,245,1d,1y
ONEPOINT,0.4443,3.1068,245,1d,1y
ONGC,0.2102,1.5983,246,1d,1y
ONMOBILE,0.0631,3.3803,246,1d,1y
ONWARDTEC,0.1538,3.1974,246,1d,1y
OPTIEMUS,0.1392,3.3679,246,1d,1y
ORBTEXP,0.0965,3.1113,246,1d,1y
ORCHPHARMA,0.4281,3.0047,245,1d,1y
ORICONENT,0.3143,3.6919,245,1d,1y
ORIENTALTL,0.1749,3.6875,245,1d,1y
ORIENTBELL,-0.1732,1.9033,246,1d,1y
ORIENTCEM,0.2271,2.7686,246,1d,1y
ORIENTCER,0.2112,3.5481,173,1d,1y
ORIENTELEC,-0.0331,1.722,245,1d,1y
ORIENTHOT,0.196,2.5644,246,1d,1y
ORIENTLTD,0.1694,3.8022,245,1d,1y
ORIENTPPR,0.0404,2.743,245,1d,1y
ORISSAMINE,0.3643,3.4959,245,1d,1y
ORTEL,0.103,3.4051,245,1d,1y
ORTINLAB,0.0125,2.9471,245,1d,1y
OSIAHYPER,-0.0069,3.1189,246,1d,1y
OSWALAGRO,0.1747,3.5945,246,1d,1y
OSWALGREEN,0.2101,3.147,245,1d,1y
OSWALSEEDS,-0.2309,3.1639,246,1d,1y
PAGEIND,-0.0211,1.3914,246,1d,1y
PAISALO,0.4187,4.0288,246,1d,1y
PAKKA,0.452,4.74,186,1d,1y
PALASHSECU,0.0979,3.5742,245,1d,1y
PALREDTEC,-0.0046,3.5453,245,1d,1y
PANACEABIO,0.0731,2.9833,246,1d,1y
PANACHE,0.0781,3.2681,245,1d,1y
PANAMAPET,0.0393,2.1791,245,1d,1y
PANSARI,0.0482,3.5509,245,1d,1y
PAR,0.2119,2.2315,245,1d,1y
PARACABLES,0.3582,3.3551,246,1d,1y
PARADEEP,0.1125,2.3444,246,1d,1y
PARAGMILK,0.3851,3.2345,246,1d,1y
PARAS,0.123,2.3897,246,1d,1y
PARASPETRO,0.4574,3.4416,245,1d,1y
PARKHOTELS,-0.021,3.2813,41,1d,1y
PARSVNATH,0.2786,3.8252,246,1d,1y
PASUPTAC,0.1256,3.3397,245,1d,1y
PATANJALI,0.1326,1.9222,246,1d,1y
PATELENG,0.5767,3.5793,246,1d,1y
PATINTLOG,0.2443,4.2138,246,1d,1y
PAVNAIND,0.316,3.1502,245,1d,1y
PAYTM,-0.2074,3.7482,246,1d,1y
PCBL,0.3506,2.6522,246,1d,1y
PCJEWELLER,0.3084,3.5925,246,1d,1y
PDMJEPAPER,0.2183,3.0212,246,1d,1y
PDSL,0.1258,3.0389,245,1d,1y
PEARLPOLY,0.2706,4.0783,246,1d,1y
PEL,0.0827,2.1902,246,1d,1y
PENIND,0.2124,3.4059,246,1d,1y
PENINLAND,0.4801,3.7948,246,1d,1y
PERSISTENT,0.2425,1.6714,246,1d,1y
PETRONET,0.1201,1.7728,246,1d,1y
PFC,0.4641,2.5341,246,1d,1y
PFIZER,0.0421,1.1551,246,1d,1y
PFOCUS,0.0055,3.7444,246,1d,1y
PFS,0.4272,3.6693,246,1d,1y
PGEL,0.1004,2.3872,246,1d,1y
PGHH,0.0493,1.3213,245,1d,1y
PGHL,-0.007,1.1685,245,1d,1y
PGIL,0.4318,3.0723,245,1d,1y
PHOENIXLTD,0.3422,2.2269,245,1d,1y
PIDILITIND,0.0977,1.254,246,1d,1y
PIGL,-0.0031,3.37,245,1d,1y
PIIND,0.0986,1.6163,246,1d,1y
PILANIINVS,0.2904,2.1859,246,1d,1y
PILITA,0.2511,2.6527,246,1d,1y
PIONEEREMB,0.0982,2.743,245,1d,1y
PITTIENG,0.4223,2.7116,246,1d,1y
PIXTRANS,0.2291,3.0521,245,1d,1y
PKTEA,0.0357,2.6376,245,1d,1y
PLASTIBLEN,0.205,2.4202,245,1d,1y
PLATIND,-0.6357,4.2947,25,1d,1y
PLAZACABLE,0.1585,3.4045,122,1d,1y
PNB,0.4237,2.1255,246,1d,1y
PNBGILTS,0.2602,3.2268,246,1d,1y
PNBHOUSING,0.2403,2.6259,246,1d,1y
PNC,0.2166,3.5022,246,1d,1y
PNCINFRA,0.1803,2.1388,246,1d,1y
POCL,0.2841,3.9617,246,1d,1y
PODDARHOUS,-0.111,2.7003,245,1d,1y
PODDARMENT,0.0854,2.2013,245,1d,1y
POKARNA,0.1948,3.1141,246,1d,1y
POLICYBZR,0.3154,2.3642,246,1d,1y
POLYCAB,0.2212,2.4496,246,1d,1y
POLYMED,0.2075,2.3031,246,1d,1y
POLYPLEX,-0.1452,2.0693,246,1d,1y
PONNIERODE,-0.0481,1.9997,245,1d,1y
POONAWALLA,0.2127,1.9733,246,1d,1y
POWERGRID,0.1886,1.6395,246,1d,1y
POWERINDIA,0.3478,2.2137,246,1d,1y
POWERMECH,0.2961,2.4829,246,1d,1y
PPAP,0.0407,3.447,245,1d,1y
PPL,0.3782,3.5317,246,1d,1y
PPLPHARMA,0.2803,2.2868,246,1d,1y
PRAENG,0.3151,3.0579,245,1d,1y
PRAJIND,0.1686,2.3296,246,1d,1y
PRAKASH,0.4937,3.2784,246,1d,1y
PRAKASHSTL,0.2761,3.3399,246,1d,1y
PRAXIS,0.1356,3.1952,245,1d,1y
PRECAM,0.2805,3.7288,246,1d,1y
PRECOT,0.2629,3.0728,245,1d,1y
PRECWIRE,0.2416,3.1255,246,1d,1y
PREMEXPLN,0.6248,3.3966,245,1d,1y
PREMIER,0.1662,2.7721,245,1d,1y
PREMIERPOL,0.3434,3.847,245,1d,1y
PRESTIGE,0.3984,2.6943,246,1d,1y
PRICOLLTD,0.2232,2.2481,246,1d,1y
PRIMESECU,0.1906,1.9677,246,1d,1y
PRINCEPIPE,0.0138,1.9299,246,1d,1y
PRITI,0.0267,3.1101,245,1d,1y
PRITIKAUTO,0.248,3.3502,246,1d,1y
PRIVISCL,0.0081,1.6803,245,1d,1y
PROZONER,0.1267,3.4263,246,1d,1y
PRSMJOHNSN,0.1775,2.368,245,1d,1y
PRUDENT,0.208,2.668,245,1d,1y
PRUDMOULI,-0.1808,3.7489,73,1d,1y
PSB,0.3184,3.5281,246,1d,1y
PSPPROJECT,-0.0066,1.7861,245,1d,1y
PTC,0.3007,2.9286,246,1d,1y
PTCIL,0.4379,3.4359,206,1d,1y
PTL,0.1042,2.5125,246,1d,1y
PUNJABCHEM,0.137,2.9528,230,1d,1y
PURVA,0.5751,3.7017,246,1d,1y
PVP,0.559,3.6327,246,1d,1y
PVRINOX,-0.0345,1.5533,230,1d,1y
PVSL,-0.4043,2.9501,16,1d,1y
PYRAMID,-0.0485,2.7293,152,1d,1y
QUESS,0.2056,1.7988,246,1d,1y
QUICKHEAL,0.4746,3.5283,246,1d,1y
RACE,0.1082,2.1792,229,1d,1y
RADAAN,-0.0347,2.497,245,1d,1y
RADHIKAJWE,0.3129,3.6407,246,1d,1y
RADIANTCMS,-0.0569,1.9011,246,1d,1y
RADICO,0.1927,1.8828,246,1d,1y
RADIOCITY,0.1535,3.0644,246,1d,1y
RAILTEL,0.5252,3.6973,246,1d,1y
RAIN,0.0513,2.459,246,1d,1y
RAINBOW,0.2309,2.3041,246,1d,1y
RAJESHEXPO,-0.275,2.4607,246,1d,1y
RAJMET,0.0156,3.3596,246,1d,1y
RAJRATAN,-0.0738,2.144,246,1d,1y
RAJRILTD,-0.3745,1.8355,245,1d,1y
RAJSREESUG,0.2008,3.6644,246,1d,1y
RAJTV,0.1627,2.7568,245,1d,1y
RALLIS,0.1249,2.1533,246,1d,1y
RAMANEWS,0.1527,3.6648,246,1d,1y
RAMAPHO,-0.0771,2.4372,246,1d,1y
RAMASTEEL,0.0715,3.3651,246,1d,1y
RAMCOCEM,0.0468,1.5661,246,1d,1y
RAMCOIND,0.2266,2.2679,246,1d,1y
RAMCOSYS,0.2418,3.046,246,1d,1y
RAMKY,0.2374,3.3568,246,1d,1y
RAMRAT,0.1657,2.6033,245,1d,1y
RANASUG,-0.0187,2.2567,246,1d,1y
RANEENGINE,0.1817,3.087,246,1d,1y
RANEHOLDIN,0.0999,2.2011,246,1d,1y
RATEGAIN,0.2587,2.5567,246,1d,1y
RATNAMANI,0.1401,2.0927,245,1d,1y
RATNAVEER,-0.0213,2.9479,143,1d,1y
RAYMOND,0.1535,2.0763,246,1d,1y
RBA,0.0235,2.221,246,1d,1y
RBL,0.0493,1.9739,246,1d,1y
RBLBANK,0.2299,2.507,246,1d,1y
RBZJEWEL,0.5906,4.8506,72,1d,1y
RCF,0.1221,2.5128,246,1d,1y
RCOM,0.0513,2.5478,245,1d,1y
RECLTD,0.5251,2.5972,246,1d,1y
REDINGTON,0.0938,2.0578,246,1d,1y
REDTAPE,0.2128,2.9121,162,1d,1y
REFEX,0.3496,3.6137,246,1d,1y
REGENCERAM,0.1093,2.9961,245,1d,1y
RELAXO,0.0075,1.3377,246,1d,1y
RELCHEMQ,0.1134,2.4065,246,1d,1y
RELIANCE,0.1224,1.1517,246,1d,1y
RELIGARE,0.1917,2.1131,246,1d,1y
RELINFRA,0.0725,3.665,246,1d,1y
REMSONSIND,0.5967,2.7318,246,1d,1y
RENUKA,-0.013,2.2928,246,1d,1y
REPCOHOME,0.3652,3.0046,245,1d,1y
REPL,0.0605,2.5177,246,1d,1y
REPRO,0.3224,3.3701,245,1d,1y
RESPONIND,0.3316,2.7398,246,1d,1y
RGL,0.1276,3.0358,246,1d,1y
RHFL,-0.0419,3.1721,245,1d,1y
RHIM,-0.0223,1.7921,246,1d,1y
RHL,0.1893,3.3642,238,1d,1y
RICOAUTO,0.2799,3.6007,246,1d,1y
RIIL,0.1688,2.4965,246,1d,1y
RISHABH,0.019,2.8511,143,1d,1y
RITCO,0.1402,3.2877,246,1d,1y
RITES,0.287,3.0636,246,1d,1y
RKDL,0.0835,2.5985,245,1d,1y
RKEC,0.1758,3.9519,245,1d,1y
RKFORGE,0.3302,2.5355,246,1d,1y
RKSWAMY,0.2876,4.7937,21,1d,1y
RML,0.2111,2.8895,245,1d,1y
ROHLTD,0.1659,2.9857,246,1d,1y
ROLEXRINGS,-0.0089,1.8507,246,1d,1y
ROLLT,0.2122,3.8204,246,1d,1y
ROLTA,0.464,2.2745,245,1d,1y
ROML,0.0704,2.4624,245,1d,1y
ROSSARI,0.0294,1.4826,246,1d,1y
ROSSELLIND,0.1881,3.0312,245,1d,1y
ROTO,0.1113,2.5469,245,1d,1y
ROUTE,0.0949,1.2777,245,1d,1y
RPGLIFE,0.2864,2.1978,246,1d,1y
RPOWER,0.3099,3.5673,246,1d,1y
RPPINFRA,0.4043,2.6658,245,1d,1y
RPPL,0.209,3.1561,245,1d,1y
RPSGVENT,0.2432,2.5607,246,1d,1y
RPTECH,0.1023,2.9516,39,1d,1y
RRKABEL,0.3928,3.0849,137,1d,1y
RSSOFTWARE,0.9626,3.2782,245,1d,1y
RSWM,0.0548,2.3068,246,1d,1y
RSYSTEMS,0.2301,2.2333,246,1d,1y
RTNINDIA,0.2572,3.4397,246,1d,1y
RTNPOWER,0.3942,3.7346,246,1d,1y
RUBYMILLS,0.0336,2.6078,246,1d,1y
RUCHINFRA,0.1921,2.486,246,1d,1y
RUCHIRA,0.058,2.2385,245,1d,1y
RUPA,0.061,1.9575,246,1d,1y
RUSHIL,0.0668,2.7907,246,1d,1y
RUSTOMJEE,0.1592,2.2918,246,1d,1y
RVHL,0.3315,3.4655,246,1d,1y
RVNL,0.5157,3.6849,246,1d,1y
S&SPOWER,0.8507,2.4875,245,1d,1y
SABEVENTS,0.3062,2.6939,245,1d,1y
SABTNL,-0.4095,13.9924,245,1d,1y
SADBHAV,0.5005,3.043,246,1d,1y
SADBHIN,0.2814,2.339,245,1d,1y
SADHNANIQ,-0.191,3.1331,232,1d,1y
SAFARI,0.2296,2.3449,246,1d,1y
SAGARDEEP,0.0681,2.8866,245,1d,1y
SAGCEM,0.0396,2.2655,246,1d,1y
SAH,0.0998,2.8871,245,1d,1y
SAHYADRI,-0.0153,2.6657,245,1d,1y
SAIL,0.263,2.4231,246,1d,1y
SAKAR,0.208,3.0369,246,1d,1y
SAKHTISUG,0.1704,3.4995,246,1d,1y
SAKSOFT,0.2554,3.1251,246,1d,1y
SAKUMA,0.3191,3.6425,246,1d,1y
SALASAR,0.4067,3.7093,246,1d,1y
SALONA,0.0832,2.5575,245,1d,1y
SALSTEEL,0.047,3.0921,246,1d,1y
SALZERELEC,0.4146,3.2433,246,1d,1y
SAMBHAAV,0.2663,3.7412,245,1d,1y
SAMHI,0.2413,2.8084,135,1d,1y
SAMPANN,0.1473,3.4351,245,1d,1y
SANCO,-0.0602,3.3142,245,1d,1y
SANDESH,0.1266,2.2201,246,1d,1y
SANDHAR,0.3685,2.5588,246,1d,1y
SANDUMA,0.362,3.972,145,1d,1y
SANGAMIND,0.2543,3.8104,245,1d,1y
SANGHIIND,0.1433,2.8965,246,1d,1y
SANGHVIMOV,0.5001,3.1661,246,1d,1y
SANGINITA,0.0765,3.515,245,1d,1y
SANOFI,0.1449,1.4144,246,1d,1y
SANSERA,0.1541,1.3735,246,1d,1y
SAPPHIRE,0.1115,1.658,245,1d,1y
SARDAEN,0.2798,2.8428,246,1d,1y
SAREGAMA,0.0903,2.4345,246,1d,1y
SARLAPOLY,0.1863,3.2213,246,1d,1y
SARVESHWAR,0.5395,3.5718,246,1d,1y
SASKEN,0.2871,2.741,245,1d,1y
SASTASUNDR,0.1241,3.0721,246,1d,1y
SATIA,0.0072,2.1697,246,1d,1y
SATIN,0.2232,2.8643,246,1d,1y
SATINDLTD,0.2013,3.1587,246,1d,1y
SAURASHCEM,-0.3125,3.5793,30,1d,1y
SBC,0.3068,3.1372,245,1d,1y
SBCL,0.0603,2.4634,246,1d,1y
SBFC,-0.0322,2.3193,160,1d,1y
SBGLP,0.6734,2.7921,245,1d,1y
SBICARD,-0.0115,1.3123,246,1d,1y
SBILIFE,0.1137,1.2799,246,1d,1y
SBIN,0.1482,1.2989,246,1d,1y
SCHAEFFLER,0.0338,1.7417,245,1d,1y
SCHAND,0.0332,2.9342,246,1d,1y
SCHNEIDER,0.6299,2.8581,246,1d,1y
SCI,0.365,3.0379,246,1d,1y
SCILAL,2.1828,7.7861,16,1d,1y
SCPL,-0.1802,3.2417,245,1d,1y
SDBL,0.2962,2.9951,246,1d,1y
SEAMECLTD,0.1666,2.5819,245,1d,1y
SECMARK,0.1315,4.1976,119,1d,1y
SECURCRED,-0.0546,4.2549,246,1d,1y
SECURKLOUD,0.1247,2.9751,245,1d,1y
SEJALLTD,0.2048,2.1653,245,1d,1y
SELAN,0.2825,2.5438,246,1d,1y
SELMC,-0.2836,1.7932,245,1d,1y
SEMAC,0.3734,2.5721,245,1d,1y
SENCO,0.3746,2.9697,183,1d,1y
SEPC,0.287,3.6329,246,1d,1y
SEQUENT,0.2231,2.9881,246,1d,1y
SERVOTECH,0.2549,5.6091,230,1d,1y
SESHAPAPER,0.0799,2.302,245,1d,1y
SETCO,0.1016,2.3392,246,1d,1y
SEYAIND,0.1513,2.6391,245,1d,1y
SFL,-0.0517,1.8783,246,1d,1y
SGIL,0.4309,2.6968,245,1d,1y
SGL,0.0429,3.4134,246,1d,1y
SHAH,0.1442,4.06,182,1d,1y
SHAHALLOYS,0.0773,3.1287,246,1d,1y
SHAILY,0.4045,2.9156,245,1d,1y
SHAKTIPUMP,0.4953,3.494,246,1d,1y
SHALBY,0.2538,2.7726,246,1d,1y
SHALPAINTS,0.052,2.5782,246,1d,1y
SHANKARA,0.0436,2.1249,246,1d,1y
SHANTI,0.0169,4.1538,245,1d,1y
SHANTIGEAR,0.1746,2.5373,246,1d,1y
SHARDACROP,-0.0822,1.9263,246,1d,1y
SHARDAMOTR,0.3646,2.6277,245,1d,1y
SHAREINDIA,0.1528,1.9294,245,1d,1y
SHEMAROO,0.1119,3.8283,246,1d,1y
SHILPAMED,0.2805,2.814,246,1d,1y
SHIVALIK,-0.1185,2.367,245,1d,1y
SHIVAMAUTO,0.2142,3.2848,245,1d,1y
SHIVAMILLS,0.0979,3.5313,246,1d,1y
SHIVATEX,0.1349,3.2456,245,1d,1y
SHK,0.2787,2.8167,246,1d,1y
SHOPERSTOP,0.0823,1.8157,246,1d,1y
SHRADHA,0.213,3.6797,245,1d,1y
SHREDIGCEM,0.2279,2.0908,246,1d,1y
SHREECEM,-0.0051,1.4609,245,1d,1y
SHREEPUSHK,0.0313,2.3846,246,1d,1y
SHREERAMA,0.3964,3.3196,245,1d,1y
SHRENIK,-0.0391,4.0151,245,1d,1y
SHREYANIND,0.1648,2.6056,246,1d,1y
SHREYAS,-0.0104,3.5315,246,1d,1y
SHRIPISTON,0.5352,3.0637,246,1d,1y
SHRIRAMFIN,0.2667,1.9699,245,1d,1y
SHRIRAMPPS,0.2573,3.1855,246,1d,1y
SHYAMCENT,0.0332,2.9642,245,1d,1y
SHYAMMETL,0.3067,2.1867,246,1d,1y
SHYAMTEL,0.0877,3.8194,245,1d,1y
SICALLOG,0.6465,3.4475,121,1d,1y
SIEMENS,0.2109,1.5671,246,1d,1y
SIGACHI,0.406,3.5135,246,1d,1y
SIGIND,0.2858,3.526,245,1d,1y
SIGMA,0.3311,3.1558,245,1d,1y
SIGNATURE,0.8042,2.4431,132,1d,1y
SIGNPOST,0.0727,4.6015,38,1d,1y
SIKKO,-0.0518,3.4534,245,1d,1y
SIL,-0.1064,1.7782,245,1d,1y
SILGO,0.2779,3.9946,245,1d,1y
SILINV,0.2011,2.6862,245,1d,1y
SILLYMONKS,-0.0377,3.1167,245,1d,1y
SILVERTUC,0.2847,2.5532,245,1d,1y
SIMBHALS,0.0749,3.6102,245,1d,1y
SIMPLEXINF,0.527,3.148,245,1d,1y
SINCLAIR,-7.0536,,2,1d,1y
SINDHUTRAD,0.0476,4.5218,200,1d,1y
SINTERCOM,0.0884,1.6085,245,1d,1y
SIRCA,0.0437,2.0329,246,1d,1y
SIS,0.0717,1.9212,246,1d,1y
SIYSIL,-0.0215,1.8194,245,1d,1y
SJS,0.1771,2.1359,246,1d,1y
SJVN,0.5598,4.0067,246,1d,1y
SKFINDIA,0.0343,1.4767,246,1d,1y
SKIPPER,0.472,3.872,246,1d,1y
SKMEGGPROD,0.306,3.5063,245,1d,1y
SKYGOLD,0.4899,4.0198,245,1d,1y
SMARTLINK,0.0512,2.0232,245,1d,1y
SMCGLOBAL,0.2753,2.2833,246,1d,1y
SMLISUZU,0.3416,3.2032,246,1d,1y
SMLT,0.1018,3.6615,245,1d,1y
SMSLIFE,0.0732,2.5539,246,1d,1y
SMSPHARMA,0.4253,2.7226,246,1d,1y
SNOWMAN,0.3161,2.8741,246,1d,1y
SOBHA,0.5238,3.1554,246,1d,1y
SOFTTECH,0.3318,3.1529,245,1d,1y
SOLARA,0.0377,2.7548,246,1d,1y
SOLARINDS,0.33,2.2579,246,1d,1y
SOMANYCERA,0.0761,2.2005,246,1d,1y
SOMATEX,0.0388,3.321,245,1d,1y
SOMICONVEY,0.4136,3.3978,246,1d,1y
SONACOMS,0.1737,2.0294,246,1d,1y
SONAMLTD,0.2928,2.8366,245,1d,1y
SONATSOFTW,0.2199,2.1642,246,1d,1y
SOTL,0.2464,2.5473,246,1d,1y
SOUTHBANK,0.2491,2.9491,246,1d,1y
SOUTHWEST,-0.0569,2.8382,246,1d,1y
SPAL,0.2443,2.7008,246,1d,1y
SPANDANA,0.183,2.5337,246,1d,1y
SPARC,0.3184,2.8518,246,1d,1y
SPCENET,0.2103,3.4296,246,1d,1y
SPECIALITY,-0.0308,2.316,245,1d,1y
SPENCERS,0.2168,3.3456,246,1d,1y
SPIC,0.0731,2.4152,246,1d,1y
SPLIL,-0.0107,2.5124,245,1d,1y
SPLPETRO,0.2243,2.195,245,1d,1y
SPMLINFRA,0.6795,2.993,245,1d,1y
SPORTKING,0.0979,2.2496,246,1d,1y
SPYL,0.601,5.1623,245,1d,1y
SREEL,0.2238,2.9735,245,1d,1y
SRF,0.0311,1.2968,246,1d,1y
SRGHFL,0.0549,3.0657,157,1d,1y
SRHHYPOLTD,0.044,2.9515,246,1d,1y
SRM,-1.3953,4.18,7,1d,1y
SRPL,-0.601,3.6736,245,1d,1y
SSWL,0.1466,2.4407,246,1d,1y
STAR,0.4003,2.4602,246,1d,1y
STARCEMENT,0.2764,2.4004,246,1d,1y
STARHEALTH,-0.0359,1.4707,246,1d,1y
STARPAPER,0.1589,2.0457,246,1d,1y
STARTECK,0.348,4.2582,245,1d,1y
STCINDIA,0.262,3.6519,246,1d,1y
STEELCAS,0.1163,2.2559,245,1d,1y
STEELCITY,0.0748,2.4481,246,1d,1y
STEELXIND,-0.0187,3.7784,246,1d,1y
STEL,0.3411,3.1836,245,1d,1y
STERTOOLS,-0.1005,2.6457,246,1d,1y
STLTECH,-0.0662,2.3715,246,1d,1y
STOVEKRAFT,0.0493,2.2474,246,1d,1y
STYLAMIND,0.1946,2.1834,245,1d,1y
STYRENIX,0.2684,2.2993,245,1d,1y
SUBEXLTD,-0.02,3.3992,246,1d,1y
SUBROS,0.2699,2.8564,246,1d,1y
SUDARSCHEM,0.1814,2.0142,246,1d,1y
SUKHJITS,0.0722,2.4585,246,1d,1y
SULA,0.1557,2.4088,246,1d,1y
SUMEETINDS,-0.0776,2.895,245,1d,1y
SUMICHEM,-0.0217,1.5992,246,1d,1y
SUMIT,0.3224,2.7479,245,1d,1y
SUMMITSEC,0.2989,2.7026,245,1d,1y
SUNCLAY,0.0592,2.2106,69,1d,1y
SUNDARAM,0.1397,3.1213,246,1d,1y
SUNDARMFIN,0.2725,1.6205,246,1d,1y
SUNDARMHLD,0.4501,3.0347,246,1d,1y
SUNDRMBRAK,0.3011,2.4042,245,1d,1y
SUNDRMFAST,0.0501,1.4524,246,1d,1y
SUNFLAG,0.1429,3.1665,246,1d,1y
SUNPHARMA,0.1748,1.0975,246,1d,1y
SUNTECK,0.1572,2.3209,245,1d,1y
SUNTV,0.1496,1.7194,246,1d,1y
SUPERHOUSE,-0.0211,2.3053,246,1d,1y
SUPERSPIN,0.0192,3.176,245,1d,1y
SUPRAJIT,0.0808,1.8231,246,1d,1y
SUPREMEENG,-0.1179,4.4628,245,1d,1y
SUPREMEIND,0.1852,2.3322,246,1d,1y
SUPREMEINF,0.5243,2.4866,245,1d,1y
SUPRIYA,0.2151,2.6612,246,1d,1y
SURAJEST,0.0208,3.0536,73,1d,1y
SURANASOL,0.3105,3.7315,246,1d,1y
SURANAT&P,0.2446,3.4987,245,1d,1y
SURYALAXMI,0.1444,2.7226,245,1d,1y
SURYAROSNI,0.1628,3.0011,246,1d,1y
SURYODAY,0.2603,2.9141,246,1d,1y
SUTLEJTEX,0.0969,2.8418,246,1d,1y
SUULD,-0.1912,2.7525,245,1d,1y
SUVEN,0.2944,2.8832,246,1d,1y
SUVENPHAR,0.1212,1.6796,246,1d,1y
SUVIDHAA,0.1225,3.1274,245,1d,1y
SUZLON,0.6757,3.3601,246,1d,1y
SVLL,0.2266,3.2277,245,1d,1y
SVPGLOB,-0.1205,2.4174,246,1d,1y
SWANENERGY,0.4348,3.2337,246,1d,1y
SWARAJENG,0.1793,1.8451,246,1d,1y
SWELECTES,0.4956,4.3677,246,1d,1y
SWSOLAR,0.212,2.7757,246,1d,1y
SYMPHONY,-0.0115,1.2607,246,1d,1y
SYNCOMF,0.2861,3.5291,246,1d,1y
SYNGENE,0.0797,1.563,246,1d,1y
SYRMA,0.2061,2.6138,246,1d,1y
TAINWALCHM,0.0816,2.7224,245,1d,1y
TAJGVK,0.2352,2.7135,246,1d,1y
TAKE,0.1329,3.4628,246,1d,1y
TALBROAUTO,0.4773,3.2861,246,1d,1y
TANLA,0.1856,3.0295,246,1d,1y
TARAPUR,0.4035,3.1588,245,1d,1y
TARC,0.4979,2.82,246,1d,1y
TARMAT,0.1452,3.976,246,1d,1y
TARSONS,-0.0966,1.9536,246,1d,1y
TASTYBITE,0.0967,2.4272,245,1d,1y
TATACHEM,0.046,2.0942,246,1d,1y
TATACOMM,0.1753,1.8362,246,1d,1y
TATACONSUM,0.1912,1.3296,246,1d,1y
TATAELXSI,0.0858,1.3537,246,1d,1y
TATAINVEST,0.4954,3.2095,246,1d,1y
TATAMOTORS,0.3161,1.4419,246,1d,1y
TATAMTRDVR,0.4276,1.6977,246,1d,1y
TATAPOWER,0.3266,1.9129,246,1d,1y
TATASTEEL,0.1712,1.5241,246,1d,1y
TATATECH,-0.2112,1.85,89,1d,1y
TATVA,-0.1072,1.7763,246,1d,1y
TBZ,0.2374,2.6163,246,1d,1y
TCI,0.1342,1.5652,245,1d,1y
TCIEXP,-0.1292,1.436,246,1d,1y
TCLCONS,0.5006,5.0111,246,1d,1y
TCNSBRANDS,-0.0647,2.4532,245,1d,1y
TCPLPACK,0.1684,2.3436,245,1d,1y
TCS,0.0926,1.2035,246,1d,1y
TDPOWERSYS,0.2467,2.6257,246,1d,1y
TEAMLEASE,0.1761,2.0002,245,1d,1y
TECHIN,0.4374,3.3424,245,1d,1y
TECHM,0.0545,1.5112,246,1d,1y
TECHNOE,0.3612,2.5573,246,1d,1y
TECILCHEM,-0.0029,3.1405,241,1d,1y
TEGA,0.2738,2.5411,246,1d,1y
TEJASNET,0.0825,2.4155,246,1d,1y
TEMBO,0.1302,2.0896,245,1d,1y
TERASOFT,0.1504,3.6023,245,1d,1y
TEXINFRA,0.2601,3.6936,246,1d,1y
TEXMOPIPES,0.2191,3.9815,246,1d,1y
TEXRAIL,0.5394,3.4722,246,1d,1y
TFCILTD,0.3513,3.8275,246,1d,1y
TFL,0.068,3.387,245,1d,1y
TGBHOTELS,0.233,3.173,246,1d,1y
THANGAMAYL,0.3709,2.7485,246,1d,1y
THEINVEST,0.2811,3.0547,246,1d,1y
THEJO,0.2662,2.9298,246,1d,1y
THEMISMED,0.1961,3.0513,246,1d,1y
THERMAX,0.2837,2.0703,245,1d,1y
THOMASCOOK,0.4143,2.8437,246,1d,1y
THOMASCOTT,0.7093,2.489,246,1d,1y
THYROCARE,0.1035,1.9811,246,1d,1y
TI,0.2827,2.7569,246,1d,1y
TIDEWATER,0.2517,1.9873,245,1d,1y
TIIL,0.1449,3.5325,245,1d,1y
TIINDIA,0.1251,2.4123,245,1d,1y
TIJARIA,0.4104,3.0705,246,1d,1y
TIL,0.1309,14.4209,246,1d,1y
TIMESGTY,0.2322,3.6935,245,1d,1y
TIMETECHNO,0.4772,2.8469,246,1d,1y
TIMKEN,-0.0044,1.583,245,1d,1y
TIPSFILMS,0.2281,3.2407,246,1d,1y
TIPSINDLTD,0.4208,2.6849,246,1d,1y
TIRUMALCHM,0.1565,2.5345,246,1d,1y
TIRUPATIFL,0.1872,2.7214,245,1d,1y
TITAGARH,0.4889,3.0862,246,1d,1y
TITAN,0.1373,1.1224,246,1d,1y
TMB,0.077,1.8261,245,1d,1y
TNPETRO,0.0441,2.319,245,1d,1y
TNPL,0.0451,2.3508,245,1d,1y
TNTELE,0.2087,2.8938,245,1d,1y
TOKYOPLAST,0.0475,2.9268,245,1d,1y
TORNTPHARM,0.2004,1.4053,246,1d,1y
TORNTPOWER,0.4392,2.3939,246,1d,1y
TOTAL,-0.0951,2.6562,246,1d,1y
TOUCHWOOD,-0.1313,3.0889,246,1d,1y
TPHQ,0.0535,3.3214,240,1d,1y
TPLPLASTEH,0.3739,3.6664,245,1d,1y
TRACXN,0.1429,2.9076,246,1d,1y
TREEHOUSE,0.131,3.2773,245,1d,1y
TREJHARA,0.4843,3.0945,245,1d,1y
TREL,0.1801,3.9944,163,1d,1y
TRENT,0.4452,1.916,246,1d,1y
TRF,0.4026,3.3612,245,1d,1y
TRIDENT,0.0976,2.5841,246,1d,1y
TRIGYN,0.1014,3.103,246,1d,1y
TRIL,0.8806,4.1167,245,1d,1y
TRITURBINE,0.1912,2.7983,246,1d,1y
TRIVENI,0.0904,2.2687,246,1d,1y
TRU,0.1009,3.7433,197,1d,1y
TTKHLTCARE,0.091,1.5939,245,1d,1y
TTKPRESTIG,-0.005,1.1952,246,1d,1y
TTL,0.1408,2.8667,245,1d,1y
TTML,0.0943,2.8772,246,1d,1y
TV18BRDCST,0.1831,3.0675,246,1d,1y
TVSELECT,-0.0789,2.335,246,1d,1y
TVSHLTD,0.3846,1.9213,246,1d,1y
TVSMOTOR,0.2308,1.4704,246,1d,1y
TVSSCS,-0.0912,2.2808,155,1d,1y
TVSSRICHAK,0.199,1.8492,245,1d,1y
TVTODAY,0.067,2.0354,246,1d,1y
TVVISION,0.3071,3.315,245,1d,1y
UBL,0.1174,1.3079,246,1d,1y
UCAL,0.0677,2.8118,175,1d,1y
UCOBANK,0.3011,3.1892,246,1d,1y
UDS,0.0712,2.6026,128,1d,1y
UFLEX,0.061,1.9994,246,1d,1y
UFO,0.2863,2.847,246,1d,1y
UGARSUGAR,-0.1,2.5734,246,1d,1y
UGROCAP,0.1946,2.7646,245,1d,1y
UJJIVAN,0.3036,2.4154,246,1d,1y
UJJIVANSFB,0.2856,2.4963,246,1d,1y
ULTRACEMCO,0.0946,1.2027,246,1d,1y
UMAEXPORTS,0.3329,3.4525,245,1d,1y
UMANGDAIRY,0.1604,3.2481,246,1d,1y
UMESLTD,0.1117,3.5532,245,1d,1y
UNICHEMLAB,0.1568,2.0964,246,1d,1y
UNIDT,0.0286,2.8889,245,1d,1y
UNIENTER,-0.0191,2.1869,246,1d,1y
UNIINFO,0.2499,4.4436,245,1d,1y
UNIONBANK,0.3106,2.2224,246,1d,1y
UNIPARTS,0.029,1.9793,245,1d,1y
UNITECH,0.8188,3.615,246,1d,1y
UNITEDPOLY,-0.0231,2.5086,245,1d,1y
UNITEDTEA,0.0873,1.8226,246,1d,1y
UNIVASTU,0.2166,2.747,245,1d,1y
UNIVCABLES,0.0958,2.7732,246,1d,1y
UNIVPHOTO,-0.0114,2.5163,245,1d,1y
UNOMINDA,0.1491,1.7627,246,1d,1y
UPL,-0.1567,1.56,246,1d,1y
URAVI,0.3936,3.3791,245,1d,1y
URJA,0.4152,4.174,246,1d,1y
USHAMART,0.1831,2.5034,246,1d,1y
USK,0.2419,3.5533,246,1d,1y
UTIAMC,0.1114,1.6471,245,1d,1y
UTKARSHBNK,0.0613,2.736,178,1d,1y
UTTAMSUGAR,0.1253,2.7668,246,1d,1y
V2RETAIL,0.7306,2.8577,246,1d,1y
VADILALIND,0.3024,2.9064,245,1d,1y
VAIBHAVGBL,0.0757,2.512,246,1d,1y
VAISHALI,0.0487,2.9044,245,1d,1y
VAKRANGEE,0.187,3.337,246,1d,1y
VALIANTLAB,-0.0164,2.8455,126,1d,1y
VALIANTORG,-0.0307,2.4984,246,1d,1y
VARDHACRLC,0.0596,2.5952,246,1d,1y
VARDMNPOLY,0.2991,2.7075,245,1d,1y
VARROC,0.2721,2.5708,246,1d,1y
VASCONEQ,0.3708,3.5322,246,1d,1y
VASWANI,0.2234,3.8942,246,1d,1y
VBL,0.2702,1.8579,246,1d,1y
VEDL,0.1233,1.9536,246,1d,1y
VENKEYS,0.0646,2.1494,245,1d,1y
VENUSPIPES,0.3312,2.385,246,1d,1y
VENUSREM,0.3862,4.3644,246,1d,1y
VERANDA,0.0109,3.4242,245,1d,1y
VERTOZ,0.5372,3.4991,246,1d,1y
VESUVIUS,0.2762,2.6191,246,1d,1y
VETO,0.1535,2.8836,246,1d,1y
VGUARD,0.1239,1.5555,246,1d,1y
VHL,0.0516,1.54,245,1d,1y
VHLTD,-0.5827,14.0171,245,1d,1y
VIDHIING,0.0919,1.9293,245,1d,1y
VIJAYA,0.2308,2.1406,246,1d,1y
VIJIFIN,0.1095,3.4095,245,1d,1y
VIKASECO,0.1529,3.7789,246,1d,1y
VIKASLIFE,0.1839,3.8563,246,1d,1y
VIMTALABS,0.1216,2.5474,245,1d,1y
VINATIORGA,-0.1023,1.1302,246,1d,1y
VINDHYATEL,0.1583,2.5319,245,1d,1y
VINEETLAB,0.0514,3.2388,245,1d,1y
VINNY,-0.2684,2.8925,245,1d,1y
VINYLINDIA,-0.1468,2.6431,246,1d,1y
VIPCLOTHNG,-0.0687,2.476,246,1d,1y
VIPIND,-0.0466,1.9303,246,1d,1y
VIPULLTD,0.3351,3.2136,245,1d,1y
VIRINCHI,-0.0181,3.2785,234,1d,1y
VISAKAIND,0.1689,3.2413,246,1d,1y
VISHNU,0.0334,2.2034,246,1d,1y
VISHWARAJ,0.028,2.4193,246,1d,1y
VIVIDHA,0.057,4.4544,246,1d,1y
VLEGOV,0.5347,4.1323,161,1d,1y
VLSFINANCE,0.2093,2.7011,245,1d,1y
VMART,-0.0081,1.6518,246,1d,1y
VOLTAMP,0.5204,3.0411,246,1d,1y
VOLTAS,0.1893,1.6462,246,1d,1y
VPRPL,0.084,3.3911,147,1d,1y
VRLLOG,-0.0565,1.9245,246,1d,1y
VSSL,0.042,2.2504,246,1d,1y
VSTIND,0.0505,1.6936,245,1d,1y
VSTL,-1.163,5.2647,35,1d,1y
VSTTILLERS,0.1167,1.8885,245,1d,1y
VTL,0.1721,2.0794,245,1d,1y
WABAG,0.3293,2.5635,246,1d,1y
WALCHANNAG,0.4871,3.0877,246,1d,1y
WANBURY,0.5817,2.6972,246,1d,1y
WEALTH,0.3898,3.2496,245,1d,1y
WEBELSOLAR,0.8162,3.4619,246,1d,1y
WEIZMANIND,0.1421,3.5525,245,1d,1y
WEL,0.5565,3.7191,245,1d,1y
WELCORP,0.3883,2.3979,246,1d,1y
WELENT,0.3778,2.8802,246,1d,1y
WELINV,0.4281,3.4952,245,1d,1y
WELSPUNLIV,0.2547,3.0084,246,1d,1y
WENDT,0.1454,2.6687,245,1d,1y
WESTLIFE,0.0668,1.8656,245,1d,1y
WEWIN,0.2973,3.9473,245,1d,1y
WHEELS,0.0609,2.2777,246,1d,1y
WHIRLPOOL,0.0252,1.4126,246,1d,1y
WILLAMAGOR,0.2601,4.0905,245,1d,1y
WINDLAS,0.3129,2.7453,246,1d,1y
WINDMACHIN,0.2967,3.7793,245,1d,1y
WINSOME,1.2791,25.9297,245,1d,1y
WIPL,0.2481,2.3687,245,1d,1y
WIPRO,0.1002,1.4374,246,1d,1y
WOCKPHARMA,0.4839,3.2303,246,1d,1y
WONDERLA,0.3424,2.4935,245,1d,1y
WORTH,0.0649,2.6967,245,1d,1y
WSI,0.4725,3.3917,246,1d,1y
WSTCSTPAPR,0.0335,2.3812,246,1d,1y
XCHANGING,0.3196,3.6843,246,1d,1y
XELPMOC,0.0373,3.3782,245,1d,1y
XPROINDIA,0.193,2.8059,246,1d,1y
YAARI,-0.1174,2.9869,245,1d,1y
YASHO,0.0632,2.6617,157,1d,1y
YATHARTH,0.208,2.8454,167,1d,1y
YATRA,0.062,2.4686,131,1d,1y
YESBANK,0.1867,2.7349,246,1d,1y
YUKEN,0.2244,2.7193,245,1d,1y
ZAGGLE,0.4423,4.2559,134,1d,1y
ZEEL,-0.1432,4.0385,246,1d,1y
ZEELEARN,0.2178,2.3683,245,1d,1y
ZEEMEDIA,0.1003,3.8735,246,1d,1y
ZENITHEXPO,0.343,3.1257,245,1d,1y
ZENITHSTL,0.2633,2.8243,245,1d,1y
ZENSARTECH,0.3166,2.5855,246,1d,1y
ZENTEC,0.4738,3.0024,246,1d,1y
ZFCVINDIA,0.1432,1.882,246,1d,1y
ZIMLAB,0.09,3.0895,246,1d,1y
ZODIAC,0.5495,2.8964,230,1d,1y
ZODIACLOTH,0.1033,2.8005,246,1d,1y
ZOMATO,0.5191,2.3372,246,1d,1y
ZOTA,0.2471,2.496,245,1d,1y
ZUARI,0.1689,2.9699,246,1d,1y
ZUARIIND,0.4443,3.2093,246,1d,1y
ZYDUSLIFE,0.2642,1.4127,246,1d,1y
ZYDUSWELL,0.0168,1.2168,245,1d,1y
